{"type":"FeatureCollection","features":[{"type":"Feature","geometry":{"coordinates":[[[-81.391005,41.56971599906333],[-81.39073,41.534741999063456],[-81.391134,41.46705099906373],[-81.391518,41.44522199906383],[-81.374992,41.44528599906383],[-81.374772,41.424426999063904],[-81.391764,41.42426899906391],[-81.391945,41.39778699906401],[-81.391694,41.34827199906421],[-81.298567,41.34731899906423],[-81.19142,41.34756899906422],[-81.113719,41.347353999064225],[-81.053623,41.347768999064215],[-81.003191,41.34785899906422],[-81.003202,41.42546599906391],[-81.003325,41.458809999063774],[-81.003126,41.501477999063596],[-81.002836,41.57170299906332],[-81.002781,41.64199999906305],[-81.002929,41.71488699906278],[-81.040214,41.71449199906279],[-81.102258,41.714306999062785],[-81.101422,41.64145699906306],[-81.191243,41.64133099906305],[-81.294669,41.640888999063066],[-81.295242,41.59618199906322],[-81.29588,41.569949999063326],[-81.348837,41.57014099906333],[-81.391005,41.56971599906333]]],"type":"Polygon"},"properties":{"geo_point_2d":{"lon":-81.17861518782047,"lat":41.499571505638556},"year":"2023","ste_code":["39"],"ste_name":["Ohio"],"coty_code":["39055"],"coty_name":["Geauga"],"coty_area_code":"USA","coty_type":"county","coty_name_long":["Geauga County"],"coty_fp_code":"055","coty_gnis_code":"01074040"}},{"type":"Feature","geometry":{"coordinates":[[[-84.8153652290776,39.52195027342657],[-84.815736,39.478364999073925],[-84.817647,39.39181599907448],[-84.819451,39.305151999075036],[-84.795744,39.30564999907503],[-84.766524,39.304867999075036],[-84.702248,39.30465499907504],[-84.641814,39.30504399907504],[-84.639825,39.30883199907501],[-84.630047,39.31205599907498],[-84.616339,39.31122699907499],[-84.598746,39.30855599907502],[-84.562347,39.308078999075015],[-84.542391,39.30625599907502],[-84.523685,39.30327799907506],[-84.504644,39.30595699907503],[-84.485147,39.30154599907507],[-84.465455,39.30292199907505],[-84.429133,39.29876299907508],[-84.391083,39.29757899907508],[-84.370755,39.2943979990751],[-84.353209,39.292286999075124],[-84.346331,39.36844599907463],[-84.336719,39.455993999074074],[-84.340211,39.45669599907407],[-84.335534,39.510226999073744],[-84.332093,39.547182999073506],[-84.333012,39.5487409990735],[-84.361546,39.542167999073534],[-84.364305,39.54380999907354],[-84.365232,39.58949299907324],[-84.365242,39.589854999073246],[-84.412856,39.58986099907325],[-84.474246,39.59015499907325],[-84.479213,39.591023999073236],[-84.478927,39.56878999907338],[-84.498016,39.56828299907338],[-84.553743,39.567778999073376],[-84.632061,39.56735299907338],[-84.721641,39.56756499907338],[-84.763092,39.566603999073386],[-84.770004,39.56762299907337],[-84.8149405460834,39.567711792619875],[-84.8153652290776,39.52195027342657]]],"type":"Polygon"},"properties":{"geo_point_2d":{"lon":-84.57560628377314,"lat":39.438624883961474},"year":"2023","ste_code":["39"],"ste_name":["Ohio"],"coty_code":["39017"],"coty_name":["Butler"],"coty_area_code":"USA","coty_type":"county","coty_name_long":["Butler County"],"coty_fp_code":"017","coty_gnis_code":"01074021"}},{"type":"Feature","geometry":{"coordinates":[[[-83.112737,40.99344699906576],[-83.112271,40.9167729990661],[-83.112665,40.89190699906623],[-83.112425,40.87067999906631],[-83.112162,40.804176999066634],[-83.111815,40.775144999066775],[-83.111742,40.734537999066966],[-83.11136,40.70291499906712],[-83.068214,40.70316399906712],[-82.957773,40.70328699906713],[-82.939289,40.70437799906712],[-82.858302,40.705018999067114],[-82.858197,40.71242299906707],[-82.813405,40.71249699906707],[-82.727164,40.71120299906708],[-82.726145,40.79518999906667],[-82.724955,40.84328399906644],[-82.724184,40.93046199906604],[-82.724326,40.9619929990659],[-82.724792,40.99563799906574],[-82.796424,40.99613999906574],[-82.829512,40.99662399906574],[-82.852966,40.996942999065745],[-82.853184,40.99366099906577],[-83.0163,40.99370299906575],[-83.112737,40.99344699906576]]],"type":"Polygon"},"properties":{"geo_point_2d":{"lon":-82.9197399989306,"lat":40.850765881552896},"year":"2023","ste_code":["39"],"ste_name":["Ohio"],"coty_code":["39033"],"coty_name":["Crawford"],"coty_area_code":"USA","coty_type":"county","coty_name_long":["Crawford County"],"coty_fp_code":"033","coty_gnis_code":"01074029"}},{"type":"Feature","geometry":{"coordinates":[[[-84.051012,39.87980999907151],[-84.053713,39.85071399907169],[-83.993913,39.8467589990717],[-83.939806,39.84344899907172],[-83.941289,39.828837999071816],[-83.865046,39.82494599907183],[-83.82742,39.822561999071844],[-83.829374,39.797765999072],[-83.76646,39.79174599907204],[-83.739475,39.78895699907204],[-83.740851,39.781509999072085],[-83.72007,39.77990199907209],[-83.675874,39.77722699907212],[-83.647686,39.775206999072125],[-83.647169,39.773028999072146],[-83.589909,39.768811999072156],[-83.581567,39.79203699907202],[-83.564073,39.84846299907171],[-83.553443,39.88090399907152],[-83.546178,39.90766099907135],[-83.537513,39.9345259990712],[-83.515377,40.001301999070826],[-83.512625,40.010022999070756],[-83.516069,40.01081799907076],[-83.6041,40.01477999907075],[-83.632361,40.016256999070734],[-83.664597,40.018698999070715],[-83.682615,40.019471999070724],[-83.759814,40.02428099907069],[-83.798511,40.02682099907067],[-83.864255,40.03043699907065],[-83.909691,40.032733999070636],[-83.921011,40.03396599907063],[-83.996418,40.038422999070605],[-83.999935,40.038266999070615],[-84.036069,40.0401819990706],[-84.044433,39.94825399907111],[-84.048452,39.90818399907135],[-84.051012,39.87980999907151]]],"type":"Polygon"},"properties":{"geo_point_2d":{"lon":-83.7843959671828,"lat":39.91670831251856},"year":"2023","ste_code":["39"],"ste_name":["Ohio"],"coty_code":["39023"],"coty_name":["Clark"],"coty_area_code":"USA","coty_type":"county","coty_name_long":["Clark County"],"coty_fp_code":"023","coty_gnis_code":"01074024"}},{"type":"Feature","geometry":{"coordinates":[[[-84.819451,39.305151999075036],[-84.819351,39.292818999075116],[-84.819999,39.25464199907536],[-84.820147,39.23048799907552],[-84.819815,39.158507999075994],[-84.820105,39.14798099907606],[-84.820157,39.10547999907634],[-84.813767,39.10649199907635],[-84.810753,39.10914199907632],[-84.79382,39.11293899907629],[-84.783991,39.11805999907626],[-84.766749,39.13855799907613],[-84.754449,39.14665799907607],[-84.744149,39.14745799907607],[-84.732048,39.14445799907609],[-84.726148,39.141957999076105],[-84.718548,39.137058999076125],[-84.701947,39.11895899907625],[-84.689747,39.104158999076354],[-84.684847,39.10045899907637],[-84.677247,39.098259999076404],[-84.666147,39.0979599990764],[-84.657246,39.09545999907642],[-84.650346,39.091659999076434],[-84.632446,39.07675999907653],[-84.6234848991522,39.074360249108956],[-84.620112,39.07345699907656],[-84.607928,39.07323799907656],[-84.601682,39.074114999076556],[-84.592408,39.07808799907653],[-84.572144,39.082059999076506],[-84.563944,39.08735999907646],[-84.557544,39.09485999907641],[-84.550844,39.099359999076384],[-84.541344,39.099159999076385],[-84.524644,39.09215999907644],[-84.519543,39.09205999907643],[-84.5060822325253,39.09508074479201],[-84.502062,39.0966409990764],[-84.493743,39.102459999076366],[-84.487743,39.110759999076315],[-84.480943,39.11675999907627],[-84.470542,39.12145999907624],[-84.462042,39.12175999907623],[-84.455342,39.12035999907624],[-84.445242,39.11446099907628],[-84.440642,39.10966099907632],[-84.435541,39.10226099907638],[-84.432841,39.09426099907642],[-84.434641,39.08686099907647],[-84.432941,39.08396099907649],[-84.433141,39.072960999076564],[-84.429841,39.058261999076656],[-84.427913,39.05496199907669],[-84.421467,39.050937999076716],[-84.406941,39.04566199907675],[-84.40094,39.046361999076744],[-84.38684,39.04516199907675],[-84.360439,39.04136199907678],[-84.346039,39.036962999076806],[-84.336339,39.03286299907683],[-84.326539,39.027462999076874],[-84.3199364709232,39.0220809546113],[-84.31481,39.060998999076645],[-84.302724,39.14260599907609],[-84.301742,39.159433999075986],[-84.300117,39.16443299907596],[-84.295195,39.16696399907594],[-84.299448,39.17387499907589],[-84.292887,39.179985999075846],[-84.288932,39.181500999075844],[-84.287042,39.1887159990758],[-84.278,39.19691599907574],[-84.276377,39.2038729990757],[-84.284038,39.213131999075635],[-84.289621,39.21293399907563],[-84.299464,39.20906099907565],[-84.309356,39.20877399907566],[-84.313552,39.21305499907563],[-84.316076,39.22050999907558],[-84.320028,39.22343299907556],[-84.316698,39.22694399907555],[-84.308992,39.23153899907552],[-84.307114,39.23441299907548],[-84.299441,39.23515599907549],[-84.296415,39.239304999075465],[-84.296066,39.24520399907542],[-84.293265,39.2488649990754],[-84.282825,39.25193599907538],[-84.271328,39.25843699907534],[-84.264968,39.2639589990753],[-84.261408,39.26468599907529],[-84.259431,39.27085999907526],[-84.25764,39.277971999075206],[-84.264657,39.28066299907519],[-84.262172,39.28834199907514],[-84.277412,39.28936599907514],[-84.297155,39.29175699907512],[-84.334105,39.293286999075114],[-84.353209,39.292286999075124],[-84.370755,39.2943979990751],[-84.391083,39.29757899907508],[-84.429133,39.29876299907508],[-84.465455,39.30292199907505],[-84.485147,39.30154599907507],[-84.504644,39.30595699907503],[-84.523685,39.30327799907506],[-84.542391,39.30625599907502],[-84.562347,39.308078999075015],[-84.598746,39.30855599907502],[-84.616339,39.31122699907499],[-84.630047,39.31205599907498],[-84.639825,39.30883199907501],[-84.641814,39.30504399907504],[-84.702248,39.30465499907504],[-84.766524,39.304867999075036],[-84.795744,39.30564999907503],[-84.819451,39.305151999075036]]],"type":"Polygon"},"properties":{"geo_point_2d":{"lon":-84.5427590440335,"lat":39.19555694660492},"year":"2023","ste_code":["39"],"ste_name":["Ohio"],"coty_code":["39061"],"coty_name":["Hamilton"],"coty_area_code":"USA","coty_type":"county","coty_name_long":["Hamilton County"],"coty_fp_code":"061","coty_gnis_code":"01074043"}},{"type":"Feature","geometry":{"coordinates":[[[-83.020798,40.433794999068475],[-83.022079,40.41888399906855],[-82.973269,40.41650799906856],[-82.973121,40.417174999068564],[-82.924781,40.415003999068574],[-82.929588,40.35812299906886],[-82.868606,40.35523599906888],[-82.744931,40.349602999068914],[-82.646503,40.34507599906893],[-82.640813,40.41762399906856],[-82.638117,40.463427999068315],[-82.633181,40.52306599906802],[-82.642837,40.522110999068026],[-82.642796,40.55001099906787],[-82.623609,40.54987899906788],[-82.625239,40.62433799906751],[-82.62476,40.63728299906744],[-82.644117,40.63723999906744],[-82.644977,40.6664249990673],[-82.626165,40.666131999067304],[-82.627191,40.70941599906709],[-82.68912,40.71060299906708],[-82.689113,40.71103299906708],[-82.727164,40.71120299906708],[-82.813405,40.71249699906707],[-82.858197,40.71242299906707],[-82.858302,40.705018999067114],[-82.859753,40.64639499906739],[-82.907042,40.646031999067404],[-82.957817,40.645147999067404],[-82.957801,40.61609699906756],[-82.958401,40.49066399906819],[-83.016785,40.48451099906821],[-83.020798,40.433794999068475]]],"type":"Polygon"},"properties":{"geo_point_2d":{"lon":-82.79406097178416,"lat":40.52409692459917},"year":"2023","ste_code":["39"],"ste_name":["Ohio"],"coty_code":["39117"],"coty_name":["Morrow"],"coty_area_code":"USA","coty_type":"county","coty_name_long":["Morrow County"],"coty_fp_code":"117","coty_gnis_code":"01074071"}},{"type":"Feature","geometry":{"coordinates":[[[-84.340531,40.859098999066376],[-84.340101,40.816142999066585],[-84.397374,40.815940999066584],[-84.396778,40.68492599906722],[-84.339289,40.6850829990672],[-84.339289,40.685597999067205],[-84.222799,40.6859569990672],[-84.222749,40.65694799906735],[-84.165208,40.65714099906736],[-84.107908,40.65793799906734],[-84.107787,40.64306899906742],[-84.039175,40.64394899906741],[-83.975205,40.64419899906742],[-83.880194,40.6446899990674],[-83.879834,40.73244299906699],[-83.880063,40.819918999066566],[-83.880423,40.9204289990661],[-83.937745,40.92026099906609],[-83.995228,40.91984299906609],[-83.995165,40.905065999066174],[-84.020359,40.90489299906616],[-84.109516,40.90472999906616],[-84.109937,40.89429899906621],[-84.109586,40.860993999066366],[-84.22485,40.85930699906638],[-84.224863,40.86011199906637],[-84.252739,40.85975499906637],[-84.323183,40.85940499906637],[-84.340531,40.859098999066376]]],"type":"Polygon"},"properties":{"geo_point_2d":{"lon":-84.10578262523929,"lat":40.771529373592934},"year":"2023","ste_code":["39"],"ste_name":["Ohio"],"coty_code":["39003"],"coty_name":["Allen"],"coty_area_code":"USA","coty_type":"county","coty_name_long":["Allen County"],"coty_fp_code":"003","coty_gnis_code":"01074015"}},{"type":"Feature","geometry":{"coordinates":[[[-83.883234,41.41450299906395],[-83.8835,41.35711999906418],[-83.883383,41.328159999064304],[-83.882256,41.255096999064605],[-83.882064,41.22599699906474],[-83.881149,41.167823999064986],[-83.727125,41.16852799906498],[-83.649307,41.16765999906498],[-83.581865,41.16717399906499],[-83.544668,41.16631799906499],[-83.499927,41.16575099906498],[-83.46465,41.166433999064985],[-83.421054,41.16677999906499],[-83.419843,41.25400299906461],[-83.417291,41.34128099906426],[-83.415437,41.42802899906389],[-83.414626,41.5002279990636],[-83.414577,41.515000999063545],[-83.415941,41.619109999063134],[-83.512604,41.61790899906315],[-83.564452,41.61768099906314],[-83.569934,41.61714999906315],[-83.578334,41.61094999906318],[-83.582034,41.60504999906319],[-83.588034,41.6009499990632],[-83.594434,41.58905299906326],[-83.600735,41.58624999906327],[-83.608433,41.577950999063304],[-83.609533,41.57325399906332],[-83.612734,41.57075099906333],[-83.625634,41.57005099906332],[-83.631334,41.56275099906336],[-83.636135,41.56025099906337],[-83.643435,41.56115099906337],[-83.652033,41.55565099906339],[-83.659835,41.5534509990634],[-83.665635,41.5492509990634],[-83.680084,41.546858999063424],[-83.694136,41.53855199906346],[-83.699736,41.53395199906347],[-83.709176,41.52312399906352],[-83.711232,41.506287999063574],[-83.713632,41.500190999063605],[-83.711528,41.49554799906362],[-83.717416,41.48860399906365],[-83.722232,41.48663999906366],[-83.732649,41.48468399906366],[-83.740257,41.4775759990637],[-83.745769,41.46791199906373],[-83.754529,41.46282399906375],[-83.764937,41.46225199906376],[-83.773282,41.46361599906374],[-83.779938,41.45959599906376],[-83.779162,41.4527639990638],[-83.780754,41.450061999063806],[-83.791012,41.44554099906382],[-83.806479,41.43650699906386],[-83.809299,41.43652399906386],[-83.817547,41.432295999063875],[-83.828707,41.43015999906388],[-83.833931,41.42783199906388],[-83.84562,41.42502799906391],[-83.849764,41.42226399906391],[-83.851556,41.41688699906394],[-83.85434,41.414444999063946],[-83.867364,41.41474799906394],[-83.872898,41.416368999063934],[-83.883234,41.41450299906395]]],"type":"Polygon"},"properties":{"geo_point_2d":{"lon":-83.62300196044566,"lat":41.36168007257786},"year":"2023","ste_code":["39"],"ste_name":["Ohio"],"coty_code":["39173"],"coty_name":["Wood"],"coty_area_code":"USA","coty_type":"county","coty_name_long":["Wood County"],"coty_fp_code":"173","coty_gnis_code":"01074098"}},{"type":"Feature","geometry":{"coordinates":[[[-82.80709,38.94807299907741],[-82.753391,38.94537299907743],[-82.75849,38.88627399907784],[-82.761985,38.869521999077946],[-82.76069,38.85487499907805],[-82.686009,38.85121099907808],[-82.650039,38.84907299907809],[-82.575583,38.84447799907812],[-82.574383,38.85347499907807],[-82.473885,38.84657799907811],[-82.455197,38.844578999078124],[-82.449267,38.89608099907777],[-82.443685,38.94709099907741],[-82.439378,38.984776999077155],[-82.435309,39.035078999076816],[-82.424693,39.13781599907614],[-82.49988,39.14117199907611],[-82.540282,39.14447099907608],[-82.536306,39.18075699907586],[-82.547609,39.182494999075836],[-82.574483,39.18546999907581],[-82.610985,39.18556999907581],[-82.651486,39.18956699907578],[-82.650087,39.202268999075706],[-82.762892,39.207966999075666],[-82.766692,39.167767999075934],[-82.785891,39.16876899907592],[-82.790369,39.12436699907621],[-82.795145,39.080400999076524],[-82.79957,39.03562999907682],[-82.797789,39.03550599907681],[-82.801361,39.00531199907702],[-82.80709,38.94807299907741]]],"type":"Polygon"},"properties":{"geo_point_2d":{"lon":-82.6183650131263,"lat":39.01964674103809},"year":"2023","ste_code":["39"],"ste_name":["Ohio"],"coty_code":["39079"],"coty_name":["Jackson"],"coty_area_code":"USA","coty_type":"county","coty_name_long":["Jackson County"],"coty_fp_code":"079","coty_gnis_code":"01074052"}},{"type":"Feature","geometry":{"coordinates":[[[-81.234053,39.95126999907111],[-81.235877,39.91596699907131],[-81.237316,39.86782799907159],[-81.150927,39.86577499907159],[-81.127126,39.8650389990716],[-81.125123,39.86383999907162],[-81.058287,39.86164599907161],[-81.017087,39.85987499907163],[-81.017147,39.85818199907164],[-80.999456,39.85758599907164],[-80.882471,39.851955999071684],[-80.821279,39.84998199907169],[-80.81643,39.85303199907167],[-80.799898,39.85891199907163],[-80.793131,39.86375099907161],[-80.790156,39.87225199907156],[-80.793989,39.8827869990715],[-80.802339,39.89160999907145],[-80.809011,39.90322599907138],[-80.809283,39.910313999071334],[-80.807618,39.914937999071306],[-80.803394,39.918761999071286],[-80.795714,39.91968999907129],[-80.782849,39.91716199907129],[-80.768272,39.90964199907135],[-80.760656,39.90890599907135],[-80.758304,39.91042599907133],[-80.755936,39.9165539990713],[-80.756784,39.92058599907127],[-80.761312,39.92909799907123],[-80.764511,39.94660199907113],[-80.763375,39.953513999071085],[-80.758527,39.959240999071056],[-80.74627,39.96623299907102],[-80.740126,39.970792999070994],[-80.738717,39.985112999070914],[-80.741085,39.99685699907085],[-80.742045,40.00564099907079],[-80.740509,40.015224999070746],[-80.737805,40.02076099907071],[-80.737389,40.02759299907066],[-80.7332673845788,40.03335743505353],[-80.731504,40.03747199907061],[-80.730904,40.04917199907054],[-80.733104,40.058771999070494],[-80.737104,40.06497199907045],[-80.738604,40.0756719990704],[-80.736804,40.08007199907038],[-80.730704,40.08647199907034],[-80.713003,40.09687199907028],[-80.710203,40.09957199907027],[-80.706702,40.11087199907021],[-80.710554,40.125270999070125],[-80.710042,40.13831099907005],[-80.705994,40.15159099906999],[-80.7029242071106,40.15725668467774],[-80.765853,40.15984699906994],[-80.766269,40.15511099906996],[-80.800469,40.15656599906995],[-80.804625,40.156373999069956],[-80.849572,40.15840099906994],[-80.882892,40.159494999069935],[-80.942443,40.16171599906992],[-80.977791,40.162800999069916],[-81.051432,40.1654739990699],[-81.112072,40.16791699906989],[-81.111949,40.171099999069874],[-81.140838,40.17105099906987],[-81.225811,40.172693999069864],[-81.225924,40.17007499906987],[-81.227044,40.143239999070026],[-81.230659,40.0394739990706],[-81.23191,40.010452999070765],[-81.234053,39.95126999907111]]],"type":"Polygon"},"properties":{"geo_point_2d":{"lon":-80.98849407900988,"lat":40.01582958975788},"year":"2023","ste_code":["39"],"ste_name":["Ohio"],"coty_code":["39013"],"coty_name":["Belmont"],"coty_area_code":"USA","coty_type":"county","coty_name_long":["Belmont County"],"coty_fp_code":"013","coty_gnis_code":"01065575"}},{"type":"Feature","geometry":{"coordinates":[[[-83.976987,39.56940199907336],[-83.989336,39.43549099907421],[-83.992542,39.403467999074394],[-83.997475,39.35116999907474],[-84.004119,39.28840399907515],[-84.007454,39.25511199907536],[-83.989921,39.25409599907537],[-83.865679,39.24733299907541],[-83.834404,39.24571499907541],[-83.835869,39.22330399907557],[-83.818879,39.22284499907557],[-83.808297,39.22468299907556],[-83.806424,39.23032799907552],[-83.80134,39.23156699907551],[-83.802498,39.23712599907548],[-83.795651,39.24092699907545],[-83.79241,39.24958699907539],[-83.787407,39.25494799907535],[-83.784793,39.2628879990753],[-83.7259,39.29819599907508],[-83.700213,39.31399799907497],[-83.636419,39.35227999907473],[-83.590878,39.37873599907458],[-83.58777,39.41466499907433],[-83.580782,39.4988689990738],[-83.580032,39.504398999073764],[-83.576286,39.544546999073525],[-83.624268,39.5477169990735],[-83.670196,39.5502539990735],[-83.73552,39.55433599907346],[-83.765835,39.55592399907346],[-83.778373,39.55703099907345],[-83.832144,39.56043299907343],[-83.858695,39.561689999073415],[-83.922507,39.56619399907339],[-83.967043,39.568501999073376],[-83.976987,39.56940199907336]]],"type":"Polygon"},"properties":{"geo_point_2d":{"lon":-83.80838556272045,"lat":39.41494869158466},"year":"2023","ste_code":["39"],"ste_name":["Ohio"],"coty_code":["39027"],"coty_name":["Clinton"],"coty_area_code":"USA","coty_type":"county","coty_name_long":["Clinton County"],"coty_fp_code":"027","coty_gnis_code":"01074026"}},{"type":"Feature","geometry":{"coordinates":[[[-84.8143808402518,39.726619917557514],[-84.814711,39.62846399907301],[-84.815156,39.56835099907338],[-84.8149405460834,39.567711792619875],[-84.770004,39.56762299907337],[-84.763092,39.566603999073386],[-84.721641,39.56756499907338],[-84.632061,39.56735299907338],[-84.553743,39.567778999073376],[-84.498016,39.56828299907338],[-84.478927,39.56878999907338],[-84.479213,39.591023999073236],[-84.480149,39.65704999907283],[-84.482704,39.78828299907205],[-84.484215,39.859909999071625],[-84.48537,39.90529699907137],[-84.485367,39.91849099907129],[-84.596249,39.916742999071296],[-84.723185,39.9165359990713],[-84.733241,39.916771999071294],[-84.812411,39.9169159990713],[-84.814187,39.813686999071905],[-84.8143808402518,39.726619917557514]]],"type":"Polygon"},"properties":{"geo_point_2d":{"lon":-84.64801782794514,"lat":39.741536816029885},"year":"2023","ste_code":["39"],"ste_name":["Ohio"],"coty_code":["39135"],"coty_name":["Preble"],"coty_area_code":"USA","coty_type":"county","coty_name_long":["Preble County"],"coty_fp_code":"135","coty_gnis_code":"01074080"}},{"type":"Feature","geometry":{"coordinates":[[[-83.520227,40.50407699906812],[-83.524982,40.46534699906831],[-83.534974,40.37810799906876],[-83.545567,40.28046699906928],[-83.551338,40.229369999069554],[-83.505315,40.226005999069564],[-83.494498,40.22546699906959],[-83.502686,40.12608399907012],[-83.503714,40.11146799907019],[-83.392587,40.11040499907021],[-83.278271,40.10920699907021],[-83.239343,40.10825999907022],[-83.206273,40.10773299907022],[-83.170208,40.107072999070226],[-83.169872,40.143076999070026],[-83.17233,40.244256999069464],[-83.248428,40.244465999069476],[-83.249253,40.282283999069264],[-83.249566,40.33933499906897],[-83.249523,40.38173899906875],[-83.249158,40.41872499906855],[-83.248595,40.44398899906841],[-83.248281,40.46322599906832],[-83.248289,40.507077999068095],[-83.41867,40.5052289990681],[-83.520227,40.50407699906812]]],"type":"Polygon"},"properties":{"geo_point_2d":{"lon":-83.37156737005081,"lat":40.29939943011299},"year":"2023","ste_code":["39"],"ste_name":["Ohio"],"coty_code":["39159"],"coty_name":["Union"],"coty_area_code":"USA","coty_type":"county","coty_name_long":["Union County"],"coty_fp_code":"159","coty_gnis_code":"01074091"}},{"type":"Feature","geometry":{"coordinates":[[[-81.237316,39.86782799907159],[-81.313591,39.86947099907159],[-81.314897,39.82791399907182],[-81.317871,39.75057399907227],[-81.319125,39.70735999907252],[-81.280588,39.70711199907253],[-81.281233,39.69219499907262],[-81.280731,39.67878299907271],[-81.283075,39.605795999073145],[-81.264261,39.60534399907315],[-81.265347,39.57680999907333],[-81.246797,39.576593999073324],[-81.246808,39.57903699907331],[-81.141591,39.57582999907333],[-81.036791,39.572117999073356],[-81.038706017301,39.540047531947444],[-81.030169,39.54521099907352],[-81.0239,39.55231299907347],[-81.00866,39.56279799907342],[-80.993695,39.57125299907335],[-80.987732,39.57726199907332],[-80.970436,39.59012699907325],[-80.943782,39.60692599907314],[-80.933292,39.6148119990731],[-80.925841,39.61739599907307],[-80.91762,39.61870299907305],[-80.906247,39.61843099907306],[-80.892208,39.616755999073085],[-80.88036,39.62070599907305],[-80.876002,39.62708399907302],[-80.87102,39.63896299907294],[-80.869802,39.64689599907289],[-80.866647,39.652615999072864],[-80.865575,39.66275099907279],[-80.86667,39.678486999072696],[-80.865805,39.68648399907266],[-80.861718,39.69362499907262],[-80.852,39.698559999072586],[-80.844721,39.699439999072574],[-80.833882,39.703496999072556],[-80.829764,39.7118389990725],[-80.831551,39.71947499907247],[-80.8334627700662,39.72081234951384],[-80.836597,39.72392499907244],[-80.846091,39.73781199907235],[-80.854717,39.742591999072324],[-80.865339,39.75325099907226],[-80.869933,39.76355499907219],[-80.866329,39.77173799907216],[-80.863048,39.77519699907213],[-80.835311,39.79068999907203],[-80.826079,39.79858399907199],[-80.822181,39.81170799907191],[-80.82248,39.82497099907182],[-80.826228,39.835801999071776],[-80.826964,39.84165599907174],[-80.821279,39.84998199907169],[-80.882471,39.851955999071684],[-80.999456,39.85758599907164],[-81.017147,39.85818199907164],[-81.017087,39.85987499907163],[-81.058287,39.86164599907161],[-81.125123,39.86383999907162],[-81.127126,39.8650389990716],[-81.150927,39.86577499907159],[-81.237316,39.86782799907159]]],"type":"Polygon"},"properties":{"geo_point_2d":{"lon":-81.08291538434787,"lat":39.72736321645731},"year":"2023","ste_code":["39"],"ste_name":["Ohio"],"coty_code":["39111"],"coty_name":["Monroe"],"coty_area_code":"USA","coty_type":"county","coty_name_long":["Monroe County"],"coty_fp_code":"111","coty_gnis_code":"01074068"}},{"type":"Feature","geometry":{"coordinates":[[[-83.880194,40.6446899990674],[-83.880338,40.59394199906766],[-83.880039,40.53869399906794],[-83.880001,40.53189299906796],[-83.722415,40.522412999068024],[-83.636268,40.51730799906804],[-83.519727,40.50962299906808],[-83.520227,40.50407699906812],[-83.41867,40.5052289990681],[-83.415624,40.51536599906806],[-83.418471,40.56682399906779],[-83.419874,40.58636699906769],[-83.420251,40.613981999067555],[-83.419782,40.6453429990674],[-83.419836,40.6868229990672],[-83.440278,40.68761099906719],[-83.440169,40.70220099906713],[-83.459414,40.70213999906713],[-83.477863,40.70146899906714],[-83.495704,40.70148899906713],[-83.495671,40.73046999906698],[-83.496807,40.73047399906698],[-83.496629,40.80199199906666],[-83.496296,40.81793999906656],[-83.515883,40.81813399906657],[-83.576564,40.81887899906658],[-83.651426,40.81948699906657],[-83.699243,40.81958999906655],[-83.766305,40.81925799906656],[-83.880063,40.819918999066566],[-83.879834,40.73244299906699],[-83.880194,40.6446899990674]]],"type":"Polygon"},"properties":{"geo_point_2d":{"lon":-83.65947542398673,"lat":40.66153618801079},"year":"2023","ste_code":["39"],"ste_name":["Ohio"],"coty_code":["39065"],"coty_name":["Hardin"],"coty_area_code":"USA","coty_type":"county","coty_name_long":["Hardin County"],"coty_fp_code":"065","coty_gnis_code":"01074045"}},{"type":"Feature","geometry":{"coordinates":[[[-84.053713,39.85071399907169],[-84.055053,39.83621099907177],[-84.092938,39.83834499907176],[-84.096933,39.79579899907201],[-84.097837,39.78015799907209],[-84.10339,39.7282119990724],[-84.105465,39.70640099907253],[-84.107736,39.67497299907273],[-84.108678,39.66782999907277],[-84.111261,39.63801699907295],[-84.111935,39.62635899907301],[-84.109635,39.62595899907302],[-84.114174,39.578229999073315],[-84.06757,39.57534399907334],[-83.976987,39.56940199907336],[-83.967043,39.568501999073376],[-83.922507,39.56619399907339],[-83.858695,39.561689999073415],[-83.832144,39.56043299907343],[-83.778373,39.55703099907345],[-83.765835,39.55592399907346],[-83.73552,39.55433599907346],[-83.670196,39.5502539990735],[-83.665343,39.598771999073186],[-83.661666,39.63828499907295],[-83.658034,39.67034799907276],[-83.65333,39.71687599907248],[-83.648882,39.76111499907221],[-83.648641,39.768477999072175],[-83.647169,39.773028999072146],[-83.647686,39.775206999072125],[-83.675874,39.77722699907212],[-83.72007,39.77990199907209],[-83.740851,39.781509999072085],[-83.739475,39.78895699907204],[-83.76646,39.79174599907204],[-83.829374,39.797765999072],[-83.82742,39.822561999071844],[-83.865046,39.82494599907183],[-83.941289,39.828837999071816],[-83.939806,39.84344899907172],[-83.993913,39.8467589990717],[-84.053713,39.85071399907169]]],"type":"Polygon"},"properties":{"geo_point_2d":{"lon":-83.8898685237191,"lat":39.69150895297663},"year":"2023","ste_code":["39"],"ste_name":["Ohio"],"coty_code":["39057"],"coty_name":["Greene"],"coty_area_code":"USA","coty_type":"county","coty_name_long":["Greene County"],"coty_fp_code":"057","coty_gnis_code":"01074041"}},{"type":"Feature","geometry":{"coordinates":[[[-82.289663,39.38419499907453],[-82.298476,39.29499599907509],[-82.260243,39.292914999075116],[-82.268583,39.20375999907569],[-82.192247,39.19971899907573],[-82.049259,39.19228199907576],[-82.004171,39.190606999075776],[-81.960882,39.18874399907578],[-81.840465,39.18390399907582],[-81.7558150545194,39.18052419563256],[-81.752754,39.184675999075814],[-81.741533,39.18959599907579],[-81.735805,39.196267999075744],[-81.733357,39.20586799907568],[-81.729949,39.21188399907564],[-81.7255834730739,39.21583522253172],[-81.72181,39.26956799907527],[-81.818361,39.27258099907525],[-81.816614,39.30205799907506],[-81.835447,39.30280699907506],[-81.834635,39.317562999074966],[-81.853668,39.318164999074945],[-81.850847,39.35365399907473],[-81.844863,39.4502159990741],[-81.940542,39.45433899907408],[-82.055779,39.46005299907406],[-82.047528,39.55082499907349],[-82.120004,39.55457099907346],[-82.128941,39.55476899907345],[-82.159161,39.55657399907344],[-82.167379,39.466306999074014],[-82.170171,39.46634999907401],[-82.28041,39.472905999073966],[-82.289663,39.38419499907453]]],"type":"Polygon"},"properties":{"geo_point_2d":{"lon":-82.04519726313715,"lat":39.333873849969386},"year":"2023","ste_code":["39"],"ste_name":["Ohio"],"coty_code":["39009"],"coty_name":["Athens"],"coty_area_code":"USA","coty_type":"county","coty_name_long":["Athens County"],"coty_fp_code":"009","coty_gnis_code":"01074018"}},{"type":"Feature","geometry":{"coordinates":[[[-81.48864,41.631347999063095],[-81.48854,41.60584699906319],[-81.488072,41.59628399906323],[-81.487842,41.57005099906332],[-81.437819,41.569744999063325],[-81.419936,41.569949999063326],[-81.391005,41.56971599906333],[-81.348837,41.57014099906333],[-81.29588,41.569949999063326],[-81.295242,41.59618199906322],[-81.294669,41.640888999063066],[-81.191243,41.64133099906305],[-81.101422,41.64145699906306],[-81.102258,41.714306999062785],[-81.040214,41.71449199906279],[-81.002929,41.71488699906278],[-81.002817,41.7635659990626],[-81.00219106630239,41.85305497840868],[-81.018651,41.84541499906231],[-81.028152,41.84285699906231],[-81.034123,41.84228699906232],[-81.042798,41.838773999062326],[-81.046651,41.83882099906232],[-81.058874,41.832747999062356],[-81.069514,41.83090699906236],[-81.089369,41.822907999062394],[-81.099296,41.820819999062394],[-81.105614,41.817845999062406],[-81.112026,41.817102999062406],[-81.117726,41.81427099906241],[-81.128461,41.81108499906242],[-81.133211,41.80803999906244],[-81.14784,41.80311799906246],[-81.15069,41.80095799906247],[-81.1809,41.78721799906252],[-81.184035,41.786721999062514],[-81.19971,41.779248999062546],[-81.201847,41.77939099906253],[-81.223222,41.768266999062575],[-81.231344,41.767381999062586],[-81.241129,41.7623859990626],[-81.262659,41.75813599906262],[-81.267785,41.758017999062616],[-81.286349,41.759655999062616],[-81.301395,41.750054999062655],[-81.325638,41.74069199906268],[-81.335193,41.73459899906271],[-81.347029,41.72831999906273],[-81.353589,41.72672399906273],[-81.357939,41.72265299906275],[-81.365497,41.719778999062754],[-81.383109,41.7093729990628],[-81.388457,41.707296999062805],[-81.425285,41.6828589990629],[-81.434198,41.678997999062915],[-81.442224,41.673140999062944],[-81.467177,41.64804099906303],[-81.48864,41.631347999063095]]],"type":"Polygon"},"properties":{"geo_point_2d":{"lon":-81.23721423233782,"lat":41.69627537608544},"year":"2023","ste_code":["39"],"ste_name":["Ohio"],"coty_code":["39085"],"coty_name":["Lake"],"coty_area_code":"USA","coty_type":"county","coty_name_long":["Lake County"],"coty_fp_code":"085","coty_gnis_code":"01074055"}},{"type":"Feature","geometry":{"coordinates":[[[-84.8024847798091,40.572212104836865],[-84.802814,40.50188099906811],[-84.804131,40.41301399906858],[-84.8038961675486,40.3527579906214],[-84.709858,40.3520669990689],[-84.618576,40.351727999068906],[-84.599697,40.35176399906891],[-84.599588,40.353208999068904],[-84.494721,40.35421399906888],[-84.434631,40.35425899906889],[-84.434387,40.354533999068884],[-84.455418,40.358588999068864],[-84.4555,40.36899399906882],[-84.454982,40.46574399906831],[-84.455198,40.52236399906803],[-84.455992,40.58168899906772],[-84.45618,40.68486199906721],[-84.456172,40.728305999067],[-84.571501,40.72796899906699],[-84.634405,40.72763499906701],[-84.689163,40.727704999067],[-84.8022592386664,40.7281459934248],[-84.802288,40.64302399906742],[-84.8024847798091,40.572212104836865]]],"type":"Polygon"},"properties":{"geo_point_2d":{"lon":-84.6293677621839,"lat":40.54000236253609},"year":"2023","ste_code":["39"],"ste_name":["Ohio"],"coty_code":["39107"],"coty_name":["Mercer"],"coty_area_code":"USA","coty_type":"county","coty_name_long":["Mercer County"],"coty_fp_code":"107","coty_gnis_code":"01074066"}},{"type":"Feature","geometry":{"coordinates":[[[-82.724792,40.99563799906574],[-82.724326,40.9619929990659],[-82.724184,40.93046199906604],[-82.724955,40.84328399906644],[-82.726145,40.79518999906667],[-82.727164,40.71120299906708],[-82.689113,40.71103299906708],[-82.68912,40.71060299906708],[-82.627191,40.70941599906709],[-82.626165,40.666131999067304],[-82.644977,40.6664249990673],[-82.644117,40.63723999906744],[-82.62476,40.63728299906744],[-82.625239,40.62433799906751],[-82.623609,40.54987899906788],[-82.547395,40.55010499906788],[-82.509111,40.55053999906788],[-82.450348,40.55079099906788],[-82.374898,40.55087099906788],[-82.336962,40.55500099906784],[-82.338364,40.62355599906752],[-82.339211,40.72668299906701],[-82.367522,40.72670699906701],[-82.378397,40.72714499906701],[-82.378635,40.781074999066746],[-82.378953,40.78722699906672],[-82.38256,40.78858599906671],[-82.384438,40.79229799906669],[-82.38969,40.79602599906668],[-82.388559,40.8081689990666],[-82.407759,40.808246999066625],[-82.407999,40.81456699906659],[-82.416847,40.81456699906659],[-82.419757,40.82298999906654],[-82.416431,40.82960699906652],[-82.41599,40.877454999066295],[-82.416,40.90189799906618],[-82.41648,40.90225199906617],[-82.4179,40.99293799906576],[-82.432852,40.99294399906576],[-82.477569,40.992916999065756],[-82.534181,40.993473999065756],[-82.581315,40.99418699906575],[-82.630592,40.99463999906575],[-82.688134,40.99541599906574],[-82.724792,40.99563799906574]]],"type":"Polygon"},"properties":{"geo_point_2d":{"lon":-82.53650164722805,"lat":40.77466565888216},"year":"2023","ste_code":["39"],"ste_name":["Ohio"],"coty_code":["39139"],"coty_name":["Richland"],"coty_area_code":"USA","coty_type":"county","coty_name_long":["Richland County"],"coty_fp_code":"139","coty_gnis_code":"01074082"}},{"type":"Feature","geometry":{"coordinates":[[[-82.34807018646879,41.42831400814249],[-82.346919,41.402176999064],[-82.342337,41.28424399906449],[-82.340324,41.211281999064795],[-82.341285,41.18794699906489],[-82.340616,41.137898999065115],[-82.340297,41.129455999065144],[-82.337969,41.11581599906521],[-82.336496,41.06576099906543],[-82.326841,41.06600699906542],[-82.28994,41.06553099906544],[-82.258275,41.064729999065435],[-82.171492,41.06353699906544],[-82.169875,41.13709699906512],[-82.074266,41.13645599906512],[-82.072465,41.19984999906484],[-81.973895,41.199830999064844],[-81.974235,41.208923999064815],[-81.973308,41.23773099906469],[-81.972485,41.274828999064525],[-81.927005,41.27481799906453],[-81.920441,41.27537999906452],[-81.897853,41.274915999064525],[-81.878053,41.27504399906452],[-81.87696,41.35068499906421],[-81.971262,41.3512679990642],[-81.969963,41.41692699906394],[-81.969465,41.4780169990637],[-81.9683268768858,41.50495409212129],[-81.99519,41.514515999063555],[-81.998422,41.51376899906355],[-82.012398,41.515512999063546],[-82.027134,41.51227399906355],[-82.044865,41.507040999063584],[-82.119544,41.48852699906365],[-82.133798,41.48433899906366],[-82.15212,41.47803699906369],[-82.177811,41.47152399906371],[-82.180818,41.472636999063724],[-82.189148,41.46989199906373],[-82.189667,41.46631799906375],[-82.212973,41.45515499906379],[-82.225588,41.44798799906383],[-82.244406,41.43882799906385],[-82.250778,41.43701799906386],[-82.254653,41.43431199906386],[-82.268479,41.43084199906389],[-82.29158,41.428441999063885],[-82.322969,41.43034999906388],[-82.332057,41.43053799906388],[-82.344002,41.42965999906389],[-82.34807018646879,41.42831400814249]]],"type":"Polygon"},"properties":{"geo_point_2d":{"lon":-82.15091391471054,"lat":41.295660661339056},"year":"2023","ste_code":["39"],"ste_name":["Ohio"],"coty_code":["39093"],"coty_name":["Lorain"],"coty_area_code":"USA","coty_type":"county","coty_name_long":["Lorain County"],"coty_fp_code":"093","coty_gnis_code":"01074059"}},{"type":"Feature","geometry":{"coordinates":[[[-84.8109326101136,40.005078907208905],[-84.811212,39.99533099907085],[-84.812411,39.9169159990713],[-84.733241,39.916771999071294],[-84.723185,39.9165359990713],[-84.596249,39.916742999071296],[-84.485367,39.91849099907129],[-84.425902,39.91962199907128],[-84.426587,39.94645099907114],[-84.426572,39.97071799907099],[-84.427346,39.977810999070954],[-84.427707,40.0055349990708],[-84.428731,40.0218879990707],[-84.428777,40.050792999070545],[-84.42986,40.094448999070295],[-84.432282,40.180839999069825],[-84.436332,40.18080099906982],[-84.432717,40.188910999069776],[-84.432575,40.19703699906973],[-84.432533,40.20630599906968],[-84.43357,40.23168899906955],[-84.43461,40.32529299906904],[-84.434631,40.35425899906889],[-84.494721,40.35421399906888],[-84.599588,40.353208999068904],[-84.599697,40.35176399906891],[-84.618576,40.351727999068906],[-84.709858,40.3520669990689],[-84.8038961675486,40.3527579906214],[-84.8036640116333,40.31009292484312],[-84.804475,40.26263399906938],[-84.805988,40.19796099906973],[-84.808461,40.107188999070225],[-84.809576,40.0554509990705],[-84.8109326101136,40.005078907208905]]],"type":"Polygon"},"properties":{"geo_point_2d":{"lon":-84.61931677032307,"lat":40.13322779787866},"year":"2023","ste_code":["39"],"ste_name":["Ohio"],"coty_code":["39037"],"coty_name":["Darke"],"coty_area_code":"USA","coty_type":"county","coty_name_long":["Darke County"],"coty_fp_code":"037","coty_gnis_code":"01074031"}},{"type":"Feature","geometry":{"coordinates":[[[-81.9683268768858,41.50495409212129],[-81.969465,41.4780169990637],[-81.969963,41.41692699906394],[-81.971262,41.3512679990642],[-81.87696,41.35068499906421],[-81.878053,41.27504399906452],[-81.785097,41.27644999906452],[-81.704653,41.27722499906451],[-81.68495,41.277145999064516],[-81.636116,41.277492999064506],[-81.590542,41.277553999064516],[-81.568888,41.277854999064516],[-81.563147,41.27857899906451],[-81.565337,41.28918199906447],[-81.570901,41.29081299906446],[-81.572859,41.300750999064405],[-81.578555,41.3058169990644],[-81.585444,41.30886399906438],[-81.583645,41.315682999064364],[-81.587664,41.319771999064336],[-81.587337,41.32370699906431],[-81.591542,41.3278769990643],[-81.587901,41.33631099906427],[-81.588099,41.34265099906424],[-81.594726,41.34353999906424],[-81.598052,41.35115699906421],[-81.526619,41.35048399906421],[-81.518851,41.35016199906421],[-81.399585,41.348572999064224],[-81.391694,41.34827199906421],[-81.391945,41.39778699906401],[-81.391764,41.42426899906391],[-81.374772,41.424426999063904],[-81.374992,41.44528599906383],[-81.391518,41.44522199906383],[-81.391134,41.46705099906373],[-81.39073,41.534741999063456],[-81.391005,41.56971599906333],[-81.419936,41.569949999063326],[-81.437819,41.569744999063325],[-81.487842,41.57005099906332],[-81.488072,41.59628399906323],[-81.48854,41.60584699906319],[-81.48864,41.631347999063095],[-81.498017,41.62566599906312],[-81.515372,41.61766499906315],[-81.524272,41.616134999063156],[-81.529723,41.613888999063164],[-81.542272,41.605737999063194],[-81.563766,41.58685199906327],[-81.566191,41.58616899906327],[-81.581566,41.57375299906332],[-81.588953,41.57063999906333],[-81.591846,41.56621199906335],[-81.599747,41.56064899906336],[-81.627303,41.54407599906343],[-81.631451,41.548057999063396],[-81.634873,41.54714899906341],[-81.638109,41.540537999063446],[-81.646285,41.53492199906346],[-81.655335,41.53079199906348],[-81.655503,41.5288019990635],[-81.667526,41.522707999063506],[-81.668176,41.525418999063504],[-81.662396,41.52884199906349],[-81.665113,41.53160399906348],[-81.688873,41.51817599906352],[-81.69324,41.51439099906354],[-81.695375,41.50987199906356],[-81.709212,41.501153999063604],[-81.72065,41.49792899906361],[-81.732613,41.49120499906364],[-81.744755,41.48714999906366],[-81.767331,41.49110599906364],[-81.777542,41.49341299906363],[-81.782019,41.49569899906363],[-81.790405,41.495207999063624],[-81.798106,41.49727999906362],[-81.800273,41.49569899906363],[-81.812281,41.495314999063616],[-81.831276,41.490956999063634],[-81.838623,41.49017899906364],[-81.851435,41.48560799906366],[-81.863638,41.48270199906368],[-81.876987,41.48317599906366],[-81.917254,41.489353999063646],[-81.927456,41.489824999063636],[-81.944454,41.49236299906364],[-81.952264,41.49528099906362],[-81.9683268768858,41.50495409212129]]],"type":"Polygon"},"properties":{"geo_point_2d":{"lon":-81.65855984746382,"lat":41.424308268083585},"year":"2023","ste_code":["39"],"ste_name":["Ohio"],"coty_code":["39035"],"coty_name":["Cuyahoga"],"coty_area_code":"USA","coty_type":"county","coty_name_long":["Cuyahoga County"],"coty_fp_code":"035","coty_gnis_code":"01074030"}},{"type":"Feature","geometry":{"coordinates":[[[-82.744931,40.349602999068914],[-82.750747,40.27699599906929],[-82.644208,40.27266399906932],[-82.580378,40.26978499906934],[-82.51678,40.26657499906937],[-82.476114,40.264702999069364],[-82.477273,40.24580999906946],[-82.434507,40.24380299906948],[-82.374873,40.24127499906949],[-82.317505,40.23962699906951],[-82.280942,40.23925099906949],[-82.280895,40.2401729990695],[-82.23987,40.23992599906949],[-82.195911,40.239070999069504],[-82.19325,40.290286999069224],[-82.188629,40.37537999906878],[-82.184277,40.456381999068356],[-82.180815,40.529759999067984],[-82.17854,40.573101999067774],[-82.220268,40.568186999067784],[-82.272623,40.562144999067826],[-82.336962,40.55500099906784],[-82.374898,40.55087099906788],[-82.450348,40.55079099906788],[-82.509111,40.55053999906788],[-82.547395,40.55010499906788],[-82.623609,40.54987899906788],[-82.642796,40.55001099906787],[-82.642837,40.522110999068026],[-82.633181,40.52306599906802],[-82.638117,40.463427999068315],[-82.640813,40.41762399906856],[-82.646503,40.34507599906893],[-82.744931,40.349602999068914]]],"type":"Polygon"},"properties":{"geo_point_2d":{"lon":-82.42150088558937,"lat":40.398767005177014},"year":"2023","ste_code":["39"],"ste_name":["Ohio"],"coty_code":["39083"],"coty_name":["Knox"],"coty_area_code":"USA","coty_type":"county","coty_name_long":["Knox County"],"coty_fp_code":"083","coty_gnis_code":"01074054"}},{"type":"Feature","geometry":{"coordinates":[[[-83.989921,39.25409599907537],[-83.99776,39.19109199907577],[-84.005108,39.13026899907617],[-84.00714,39.117674999076264],[-84.010468,39.09140399907643],[-84.026211,38.9789229990772],[-84.035347,38.906696999077695],[-84.037221,38.88964399907781],[-84.052447,38.772228999078635],[-84.0526699451033,38.77137551076325],[-84.044486,38.77057199907865],[-84.023113,38.775060999078605],[-84.006104,38.78015599907857],[-83.995447,38.78191199907857],[-83.978814,38.78710399907852],[-83.962123,38.78738399907853],[-83.953546,38.78617199907853],[-83.943978,38.783615999078556],[-83.928454,38.77458299907862],[-83.926986,38.77156199907864],[-83.917217,38.76966499907864],[-83.9039169444849,38.76815179330785],[-83.887107,38.765599999078674],[-83.873168,38.76241799907871],[-83.859028,38.75679299907875],[-83.852085,38.75143299907878],[-83.846207,38.74228999907885],[-83.840595,38.721911999079],[-83.834015,38.71600799907904],[-83.821854,38.709574999079074],[-83.81388,38.70744599907909],[-83.806317,38.70661299907909],[-83.790676,38.70167599907913],[-83.78362,38.695640999079174],[-83.779961,38.68490699907925],[-83.777141,38.67120499907935],[-83.77216,38.65814999907944],[-83.769347,38.65521999907946],[-83.762445,38.65210299907949],[-83.738207,38.647931999079525],[-83.720779,38.646703999079534],[-83.713405,38.64159099907956],[-83.7053141053281,38.63976143643748],[-83.702973,38.68427099907926],[-83.699098,38.73000399907893],[-83.693043,38.79576199907847],[-83.686288,38.867527999077964],[-83.67963,38.94742199907741],[-83.675159,38.99921699907706],[-83.673018,39.02042999907691],[-83.705203,39.02134699907691],[-83.750864,39.02046499907692],[-83.816859,39.020172999076905],[-83.872214,39.02130399907691],[-83.86846,39.10413799907635],[-83.867444,39.1421049990761],[-83.866995,39.17912499907585],[-83.865679,39.24733299907541],[-83.989921,39.25409599907537]]],"type":"Polygon"},"properties":{"geo_point_2d":{"lon":-83.86731396949642,"lat":38.9338172667006},"year":"2023","ste_code":["39"],"ste_name":["Ohio"],"coty_code":["39015"],"coty_name":["Brown"],"coty_area_code":"USA","coty_type":"county","coty_name_long":["Brown County"],"coty_fp_code":"015","coty_gnis_code":"01074020"}},{"type":"Feature","geometry":{"coordinates":[[[-84.45618,40.68486199906721],[-84.455992,40.58168899906772],[-84.455198,40.52236399906803],[-84.454982,40.46574399906831],[-84.4555,40.36899399906882],[-84.455418,40.358588999068864],[-84.434387,40.354533999068884],[-84.434018,40.37824599906876],[-84.376739,40.37839099906876],[-84.338768,40.378741999068765],[-84.33876,40.42306499906853],[-84.339137,40.48107599906824],[-84.25077,40.481818999068224],[-84.220245,40.48224199906822],[-84.16912,40.48240599906821],[-84.126083,40.48275699906823],[-84.107147,40.48316099906822],[-84.002372,40.48311499906822],[-83.993781,40.48300399906822],[-83.993867,40.53517399906796],[-83.908535,40.535389999067945],[-83.880039,40.53869399906794],[-83.880338,40.59394199906766],[-83.880194,40.6446899990674],[-83.975205,40.64419899906742],[-84.039175,40.64394899906741],[-84.107787,40.64306899906742],[-84.107908,40.65793799906734],[-84.165208,40.65714099906736],[-84.222749,40.65694799906735],[-84.222799,40.6859569990672],[-84.339289,40.685597999067205],[-84.339289,40.6850829990672],[-84.396778,40.68492599906722],[-84.45618,40.68486199906721]]],"type":"Polygon"},"properties":{"geo_point_2d":{"lon":-84.22177745575367,"lat":40.56091461039881},"year":"2023","ste_code":["39"],"ste_name":["Ohio"],"coty_code":["39011"],"coty_name":["Auglaize"],"coty_area_code":"USA","coty_type":"county","coty_name_long":["Auglaize County"],"coty_fp_code":"011","coty_gnis_code":"01074019"}},{"type":"Feature","geometry":{"coordinates":[[[-83.865679,39.24733299907541],[-83.866995,39.17912499907585],[-83.867444,39.1421049990761],[-83.86846,39.10413799907635],[-83.872214,39.02130399907691],[-83.816859,39.020172999076905],[-83.750864,39.02046499907692],[-83.705203,39.02134699907691],[-83.673018,39.02042999907691],[-83.611592,39.01888999907693],[-83.586279,39.0236129990769],[-83.51548,39.03552299907681],[-83.483577,39.040498999076775],[-83.385637,39.05519699907668],[-83.37762,39.088618999076445],[-83.36783,39.13134799907618],[-83.353531,39.19758499907573],[-83.343479,39.233215999075504],[-83.347847,39.2328469990755],[-83.345967,39.23916799907546],[-83.346912,39.24599499907542],[-83.345073,39.25073399907539],[-83.347006,39.252823999075375],[-83.355745,39.2500649990754],[-83.355521,39.247683999075406],[-83.362351,39.24057599907547],[-83.36885,39.24352699907544],[-83.371866,39.24737299907541],[-83.381125,39.24961799907539],[-83.378029,39.25860699907533],[-83.381734,39.2627399990753],[-83.392967,39.266655999075276],[-83.394005,39.27259199907525],[-83.390969,39.276128999075226],[-83.381297,39.278360999075204],[-83.382141,39.284118999075176],[-83.376669,39.29225999907512],[-83.381844,39.2940099990751],[-83.383087,39.296900999075085],[-83.381975,39.304862999075034],[-83.384774,39.30847999907501],[-83.383342,39.31660699907496],[-83.38699,39.32201799907492],[-83.382835,39.32742099907489],[-83.384022,39.33146299907485],[-83.382229,39.33929999907482],[-83.377477,39.34371399907479],[-83.375048,39.34828099907476],[-83.380254,39.35660799907471],[-83.373402,39.36857899907462],[-83.374577,39.374839999074595],[-83.372714,39.37741599907457],[-83.381593,39.37758699907457],[-83.472065,39.37779699907457],[-83.544856,39.37830299907458],[-83.590878,39.37873599907458],[-83.636419,39.35227999907473],[-83.700213,39.31399799907497],[-83.7259,39.29819599907508],[-83.784793,39.2628879990753],[-83.787407,39.25494799907535],[-83.79241,39.24958699907539],[-83.795651,39.24092699907545],[-83.802498,39.23712599907548],[-83.80134,39.23156699907551],[-83.806424,39.23032799907552],[-83.808297,39.22468299907556],[-83.818879,39.22284499907557],[-83.835869,39.22330399907557],[-83.834404,39.24571499907541],[-83.865679,39.24733299907541]]],"type":"Polygon"},"properties":{"geo_point_2d":{"lon":-83.60095349564904,"lat":39.18471904249521},"year":"2023","ste_code":["39"],"ste_name":["Ohio"],"coty_code":["39071"],"coty_name":["Highland"],"coty_area_code":"USA","coty_type":"county","coty_name_long":["Highland County"],"coty_fp_code":"071","coty_gnis_code":"01074048"}},{"type":"Feature","geometry":{"coordinates":[[[-84.341902,41.485518999063665],[-84.341664,41.4275679990639],[-84.228454,41.42780999906389],[-84.227359,41.34049399906425],[-84.227472,41.253175999064624],[-84.228222,41.165861999064994],[-84.093166,41.166509999065],[-83.919398,41.16750399906499],[-83.881149,41.167823999064986],[-83.882064,41.22599699906474],[-83.882256,41.255096999064605],[-83.883383,41.328159999064304],[-83.8835,41.35711999906418],[-83.883234,41.41450299906395],[-83.882896,41.438632999063856],[-83.882943,41.48754299906366],[-83.941311,41.48721299906365],[-84.076497,41.48607199906366],[-84.114863,41.48630399906365],[-84.18718,41.48576199906367],[-84.228919,41.48594199906366],[-84.281943,41.48574599906366],[-84.32547,41.48579499906367],[-84.341902,41.485518999063665]]],"type":"Polygon"},"properties":{"geo_point_2d":{"lon":-84.06823906929554,"lat":41.3338778647222},"year":"2023","ste_code":["39"],"ste_name":["Ohio"],"coty_code":["39069"],"coty_name":["Henry"],"coty_area_code":"USA","coty_type":"county","coty_name_long":["Henry County"],"coty_fp_code":"069","coty_gnis_code":"01074047"}},{"type":"Feature","geometry":{"coordinates":[[[-84.8032582490465,40.98939399124667],[-84.802922,40.922567999066075],[-84.802247,40.80075299906665],[-84.802489,40.765343999066815],[-84.8022592386664,40.7281459934248],[-84.689163,40.727704999067],[-84.634405,40.72763499906701],[-84.571501,40.72796899906699],[-84.456172,40.728305999067],[-84.45618,40.68486199906721],[-84.396778,40.68492599906722],[-84.397374,40.815940999066584],[-84.340101,40.816142999066585],[-84.340531,40.859098999066376],[-84.340969,40.903595999066155],[-84.398407,40.90326499906617],[-84.399486,40.990314999065774],[-84.457198,40.990133999065776],[-84.591866,40.98979199906578],[-84.682535,40.98955699906577],[-84.8032582490465,40.98939399124667]]],"type":"Polygon"},"properties":{"geo_point_2d":{"lon":-84.5861287504072,"lat":40.855391684660546},"year":"2023","ste_code":["39"],"ste_name":["Ohio"],"coty_code":["39161"],"coty_name":["Van Wert"],"coty_area_code":"USA","coty_type":"county","coty_name_long":["Van Wert County"],"coty_fp_code":"161","coty_gnis_code":"01074092"}},{"type":"Feature","geometry":{"coordinates":[[[-83.353531,39.19758499907573],[-83.36783,39.13134799907618],[-83.37762,39.088618999076445],[-83.385637,39.05519699907668],[-83.325965,39.0528219990767],[-83.314589,39.0521949990767],[-83.312963,39.04673599907674],[-83.30811,39.04025999907679],[-83.303075,39.039052999076794],[-83.297211,39.03566799907682],[-83.288087,39.02774799907687],[-83.285466,39.02398799907689],[-83.275042,39.02033899907693],[-83.270817,39.01579099907695],[-83.268734,39.014452999076966],[-83.261827,39.015223999076944],[-83.24842,39.01003699907698],[-83.237811,39.00985599907699],[-83.23823,39.00589699907702],[-83.227315,38.99800399907708],[-83.22654,38.99548199907709],[-83.215252,38.9919219990771],[-83.213365,38.986060999077154],[-83.216556,38.978185999077205],[-83.217234,38.97175799907726],[-83.2133,38.972099999077244],[-83.210496,38.96857999907728],[-83.214655,38.9633549990773],[-83.212107,38.96014799907733],[-83.129412,38.95790899907734],[-83.121976,38.95804899907734],[-83.043473,38.95693699907735],[-82.970759,38.95527399907735],[-82.899694,38.95238799907738],[-82.80709,38.94807299907741],[-82.801361,39.00531199907702],[-82.797789,39.03550599907681],[-82.79957,39.03562999907682],[-82.795145,39.080400999076524],[-82.790369,39.12436699907621],[-82.785891,39.16876899907592],[-82.840365,39.172011999075906],[-82.956746,39.17796299907585],[-83.075636,39.183751999075824],[-83.258039,39.193687999075756],[-83.353531,39.19758499907573]]],"type":"Polygon"},"properties":{"geo_point_2d":{"lon":-83.06676241629717,"lat":39.07730084514644},"year":"2023","ste_code":["39"],"ste_name":["Ohio"],"coty_code":["39131"],"coty_name":["Pike"],"coty_area_code":"USA","coty_type":"county","coty_name_long":["Pike County"],"coty_fp_code":"131","coty_gnis_code":"01074078"}},{"type":"Feature","geometry":{"coordinates":[[[-83.252435,39.6954379990726],[-83.255586,39.65871899907282],[-83.257802,39.62447399907304],[-83.263582,39.55270099907347],[-83.266737,39.516248999073696],[-83.155472,39.51177599907372],[-83.111871,39.51027399907374],[-82.992597,39.506387999073766],[-82.98456,39.50675399907376],[-82.984025,39.50402899907377],[-82.978741,39.50085399907379],[-82.980396,39.49026099907386],[-82.9895,39.491053999073856],[-82.995104,39.48816099907388],[-82.998204,39.48006099907392],[-82.916737,39.47665599907394],[-82.850998,39.47340899907397],[-82.749998,39.468061999073996],[-82.740729,39.468349999074],[-82.731518,39.55444499907346],[-82.824266,39.56044399907343],[-82.842953,39.56147999907343],[-82.834378,39.64944499907287],[-82.837616,39.64960599907288],[-82.835281,39.67616899907272],[-82.824254,39.794995999072],[-82.894682,39.79865599907199],[-82.937725,39.80100699907197],[-83.037634,39.80556699907196],[-83.044458,39.80528199907195],[-83.074686,39.80613799907195],[-83.120355,39.807822999071924],[-83.167938,39.80873499907193],[-83.185128,39.80934099907193],[-83.193621,39.810265999071916],[-83.243702,39.81250299907191],[-83.245801,39.78286299907208],[-83.24657,39.776620999072115],[-83.248502,39.745334999072305],[-83.252435,39.6954379990726]]],"type":"Polygon"},"properties":{"geo_point_2d":{"lon":-83.02434948125396,"lat":39.641900877436214},"year":"2023","ste_code":["39"],"ste_name":["Ohio"],"coty_code":["39129"],"coty_name":["Pickaway"],"coty_area_code":"USA","coty_type":"county","coty_name_long":["Pickaway County"],"coty_fp_code":"129","coty_gnis_code":"01074077"}},{"type":"Feature","geometry":{"coordinates":[[[-83.372714,39.37741599907457],[-83.374577,39.374839999074595],[-83.373402,39.36857899907462],[-83.380254,39.35660799907471],[-83.375048,39.34828099907476],[-83.377477,39.34371399907479],[-83.382229,39.33929999907482],[-83.384022,39.33146299907485],[-83.382835,39.32742099907489],[-83.38699,39.32201799907492],[-83.383342,39.31660699907496],[-83.384774,39.30847999907501],[-83.381975,39.304862999075034],[-83.383087,39.296900999075085],[-83.381844,39.2940099990751],[-83.376669,39.29225999907512],[-83.382141,39.284118999075176],[-83.381297,39.278360999075204],[-83.390969,39.276128999075226],[-83.394005,39.27259199907525],[-83.392967,39.266655999075276],[-83.381734,39.2627399990753],[-83.378029,39.25860699907533],[-83.381125,39.24961799907539],[-83.371866,39.24737299907541],[-83.36885,39.24352699907544],[-83.362351,39.24057599907547],[-83.355521,39.247683999075406],[-83.355745,39.2500649990754],[-83.347006,39.252823999075375],[-83.345073,39.25073399907539],[-83.346912,39.24599499907542],[-83.345967,39.23916799907546],[-83.347847,39.2328469990755],[-83.343479,39.233215999075504],[-83.353531,39.19758499907573],[-83.258039,39.193687999075756],[-83.075636,39.183751999075824],[-82.956746,39.17796299907585],[-82.840365,39.172011999075906],[-82.785891,39.16876899907592],[-82.766692,39.167767999075934],[-82.762892,39.207966999075666],[-82.758647,39.25248199907538],[-82.7576,39.26615499907528],[-82.749709,39.3571639990747],[-82.748591,39.368164999074615],[-82.743389,39.4357969990742],[-82.740729,39.468349999074],[-82.749998,39.468061999073996],[-82.850998,39.47340899907397],[-82.916737,39.47665599907394],[-82.998204,39.48006099907392],[-82.995104,39.48816099907388],[-82.9895,39.491053999073856],[-82.980396,39.49026099907386],[-82.978741,39.50085399907379],[-82.984025,39.50402899907377],[-82.98456,39.50675399907376],[-82.992597,39.506387999073766],[-83.111871,39.51027399907374],[-83.155472,39.51177599907372],[-83.266737,39.516248999073696],[-83.301724,39.47074699907398],[-83.328862,39.43510299907421],[-83.353132,39.40267499907442],[-83.372714,39.37741599907457]]],"type":"Polygon"},"properties":{"geo_point_2d":{"lon":-83.05703071824298,"lat":39.33758723866136},"year":"2023","ste_code":["39"],"ste_name":["Ohio"],"coty_code":["39141"],"coty_name":["Ross"],"coty_area_code":"USA","coty_type":"county","coty_name_long":["Ross County"],"coty_fp_code":"141","coty_gnis_code":"01074083"}},{"type":"Feature","geometry":{"coordinates":[[[-81.68495,41.277145999064516],[-81.685646,41.20213199906483],[-81.68699,41.13595599906512],[-81.687292,41.11054799906524],[-81.687801,41.02566299906562],[-81.688491,40.98858999906578],[-81.647689,40.98856299906576],[-81.647735,40.91401599906611],[-81.633861,40.913752999066126],[-81.565299,40.91145799906614],[-81.497145,40.90890199906614],[-81.420363,40.90650199906616],[-81.417841,40.95061399906594],[-81.416334,40.98845599906578],[-81.393249,40.98853099906578],[-81.393216,41.04063999906555],[-81.392203,41.135493999065126],[-81.392449,41.13976599906511],[-81.392231,41.19853699906485],[-81.391931,41.202854999064826],[-81.392134,41.23974299906467],[-81.391759,41.2840529990645],[-81.391694,41.34827199906421],[-81.399585,41.348572999064224],[-81.518851,41.35016199906421],[-81.526619,41.35048399906421],[-81.598052,41.35115699906421],[-81.594726,41.34353999906424],[-81.588099,41.34265099906424],[-81.587901,41.33631099906427],[-81.591542,41.3278769990643],[-81.587337,41.32370699906431],[-81.587664,41.319771999064336],[-81.583645,41.315682999064364],[-81.585444,41.30886399906438],[-81.578555,41.3058169990644],[-81.572859,41.300750999064405],[-81.570901,41.29081299906446],[-81.565337,41.28918199906447],[-81.563147,41.27857899906451],[-81.568888,41.277854999064516],[-81.590542,41.277553999064516],[-81.636116,41.277492999064506],[-81.68495,41.277145999064516]]],"type":"Polygon"},"properties":{"geo_point_2d":{"lon":-81.53215419129974,"lat":41.12596680023016},"year":"2023","ste_code":["39"],"ste_name":["Ohio"],"coty_code":["39153"],"coty_name":["Summit"],"coty_area_code":"USA","coty_type":"county","coty_name_long":["Summit County"],"coty_fp_code":"153","coty_gnis_code":"01074088"}},{"type":"Feature","geometry":{"coordinates":[[[-81.697442,39.755571999072245],[-81.697461,39.754994999072245],[-81.639886,39.75341999907226],[-81.6398,39.75277099907227],[-81.6432,39.665680999072784],[-81.586132,39.66399299907279],[-81.587362,39.625072999073026],[-81.588185,39.58697299907327],[-81.524669,39.584793999073284],[-81.473471,39.58331799907329],[-81.47316,39.645975999072895],[-81.451935,39.64544899907291],[-81.452712,39.63116499907299],[-81.413665,39.630501999073],[-81.41385,39.61587399907308],[-81.395036,39.615680999073085],[-81.394934,39.601546999073165],[-81.35629,39.60086499907318],[-81.356445,39.593511999073215],[-81.28353,39.59183799907323],[-81.283075,39.605795999073145],[-81.280731,39.67878299907271],[-81.281233,39.69219499907262],[-81.280588,39.70711199907253],[-81.319125,39.70735999907252],[-81.317871,39.75057399907227],[-81.314897,39.82791399907182],[-81.313591,39.86947099907159],[-81.237316,39.86782799907159],[-81.235877,39.91596699907131],[-81.234053,39.95126999907111],[-81.303474,39.9528329990711],[-81.347761,39.9536329990711],[-81.347838,39.949961999071114],[-81.386006,39.9506939990711],[-81.386809,39.92151799907128],[-81.46275,39.923499999071254],[-81.464108,39.89454999907143],[-81.57859,39.897682999071414],[-81.580313,39.83910399907175],[-81.599162,39.839737999071744],[-81.680815,39.84192399907173],[-81.694146,39.84263599907173],[-81.697442,39.755571999072245]]],"type":"Polygon"},"properties":{"geo_point_2d":{"lon":-81.4555703662249,"lat":39.76594574891902},"year":"2023","ste_code":["39"],"ste_name":["Ohio"],"coty_code":["39121"],"coty_name":["Noble"],"coty_area_code":"USA","coty_type":"county","coty_name_long":["Noble County"],"coty_fp_code":"121","coty_gnis_code":"01074073"}},{"type":"Feature","geometry":{"coordinates":[[[-82.126196,40.6683569990673],[-82.161549,40.667654999067295],[-82.221118,40.6673559990673],[-82.220468,40.615431999067546],[-82.220268,40.568186999067784],[-82.17854,40.573101999067774],[-82.180815,40.529759999067984],[-82.184277,40.456381999068356],[-82.162096,40.45547399906836],[-82.085976,40.45292899906838],[-82.085885,40.45410099906837],[-81.988712,40.45109799906839],[-81.987584,40.45130899906839],[-81.902127,40.448915999068404],[-81.893906,40.4481019990684],[-81.825359,40.4471549990684],[-81.766185,40.446054999068416],[-81.709132,40.444774999068414],[-81.669765,40.44389199906842],[-81.66752,40.50179599906812],[-81.665112,40.55419299906785],[-81.66549,40.56092099906784],[-81.664489,40.59152799906767],[-81.662777,40.62726899906749],[-81.668187,40.6274649990675],[-81.66795,40.63237899906747],[-81.64911,40.634524999067445],[-81.648921,40.667770999067294],[-81.650026,40.66777399906729],[-81.726247,40.6680659990673],[-81.765051,40.66777999906729],[-81.817676,40.667938999067296],[-81.861197,40.667266999067294],[-81.931782,40.6672309990673],[-81.992653,40.667956999067286],[-82.052873,40.66840999906729],[-82.106974,40.667824999067285],[-82.126196,40.6683569990673]]],"type":"Polygon"},"properties":{"geo_point_2d":{"lon":-81.92928161683707,"lat":40.5612273979471},"year":"2023","ste_code":["39"],"ste_name":["Ohio"],"coty_code":["39075"],"coty_name":["Holmes"],"coty_area_code":"USA","coty_type":"county","coty_name_long":["Holmes County"],"coty_fp_code":"075","coty_gnis_code":"01074050"}},{"type":"Feature","geometry":{"coordinates":[[[-84.365232,39.58949299907324],[-84.364305,39.54380999907354],[-84.361546,39.542167999073534],[-84.333012,39.5487409990735],[-84.332093,39.547182999073506],[-84.335534,39.510226999073744],[-84.340211,39.45669599907407],[-84.336719,39.455993999074074],[-84.346331,39.36844599907463],[-84.353209,39.292286999075124],[-84.334105,39.293286999075114],[-84.297155,39.29175699907512],[-84.277412,39.28936599907514],[-84.262172,39.28834199907514],[-84.264657,39.28066299907519],[-84.25764,39.277971999075206],[-84.259431,39.27085999907526],[-84.201802,39.26716699907528],[-84.078947,39.25947999907533],[-84.007454,39.25511199907536],[-84.004119,39.28840399907515],[-83.997475,39.35116999907474],[-83.992542,39.403467999074394],[-83.989336,39.43549099907421],[-83.976987,39.56940199907336],[-84.06757,39.57534399907334],[-84.114174,39.578229999073315],[-84.201408,39.583947999073274],[-84.285687,39.58955199907325],[-84.365232,39.58949299907324]]],"type":"Polygon"},"properties":{"geo_point_2d":{"lon":-84.16679222518454,"lat":39.427708977015726},"year":"2023","ste_code":["39"],"ste_name":["Ohio"],"coty_code":["39165"],"coty_name":["Warren"],"coty_area_code":"USA","coty_type":"county","coty_name_long":["Warren County"],"coty_fp_code":"165","coty_gnis_code":"01074094"}},{"type":"Feature","geometry":{"coordinates":[[[[-82.741669,41.49665699906362],[-82.740547,41.48944799906366],[-82.734841,41.49055199906364],[-82.730903,41.49385699906363],[-82.729145,41.49998199906361],[-82.73218,41.50285699906359],[-82.741669,41.49665699906362]]],[[[-82.800573,41.69439299906285],[-82.799356,41.69291899906286],[-82.78659,41.693803999062865],[-82.783958,41.69729199906285],[-82.800573,41.69439299906285]]],[[[-82.8253364088105,41.68501078223109],[-82.824768,41.6824909990629],[-82.818048,41.68259699906291],[-82.815566,41.679024999062904],[-82.813661,41.67134999906294],[-82.805511,41.67233699906294],[-82.80715,41.67793199906292],[-82.803157,41.681492999062904],[-82.803337,41.689243999062874],[-82.811752,41.692000999062856],[-82.8253364088105,41.68501078223109]]],[[[-82.835506,41.7111899990628],[-82.82321,41.70775799906281],[-82.815813,41.70760799906281],[-82.809316,41.7088399990628],[-82.812314,41.7127569990628],[-82.811165,41.72003299906277],[-82.813489,41.72346799906275],[-82.820409,41.724548999062755],[-82.82572,41.72280999906275],[-82.827948,41.718074999062765],[-82.832709,41.715649999062784],[-82.835506,41.7111899990628]]],[[[-82.84385,41.64647499906303],[-82.836619,41.64157699906305],[-82.84152,41.6290399990631],[-82.835026,41.629814999063115],[-82.826738,41.634310999063075],[-82.823192,41.63931399906307],[-82.812833,41.64565599906304],[-82.812275,41.652384999063024],[-82.796457,41.659707999062995],[-82.795581,41.66551199906297],[-82.805179,41.66428099906297],[-82.812156,41.654795999063005],[-82.820452,41.65348399906301],[-82.825553,41.654296999063014],[-82.826625,41.65967699906299],[-82.834092,41.65712099906299],[-82.84385,41.64647499906303]]],[[[-83.415941,41.619109999063134],[-83.414577,41.515000999063545],[-83.414626,41.5002279990636],[-83.338991,41.50118899906361],[-83.338196,41.457507999063765],[-83.281871,41.45792699906377],[-83.182583,41.45839699906377],[-83.18256,41.457836999063765],[-83.144837,41.457715999063765],[-83.067459,41.457168999063775],[-83.03863861902279,41.45753906012877],[-83.03888,41.464708999063745],[-83.026965,41.46528399906374],[-83.024835,41.46752399906373],[-83.009144,41.46934799906373],[-83.002942,41.467721999063734],[-83.001517,41.46268899906376],[-82.993062,41.46053099906376],[-82.990353,41.46496699906374],[-82.981654,41.467958999063725],[-82.974755,41.467248999063735],[-82.968357,41.4776099990637],[-82.968475,41.480788999063684],[-82.95936,41.48855899906365],[-82.95221,41.48841099906366],[-82.933942,41.48661599906365],[-82.924317,41.488440999063656],[-82.905892,41.48914699906366],[-82.88291,41.488793999063645],[-82.865388,41.492736999063645],[-82.859731,41.494884999063615],[-82.853878,41.4997109990636],[-82.844213,41.50209399906359],[-82.836827,41.500004999063606],[-82.829913,41.49626799906362],[-82.824073,41.49029599906363],[-82.820983,41.49154199906364],[-82.818844,41.49901899906361],[-82.814945,41.5029179990636],[-82.806027,41.50656599906358],[-82.79707,41.504859999063584],[-82.789331,41.50709599906357],[-82.780727,41.50668399906357],[-82.773852,41.50488899906358],[-82.772791,41.5029479990636],[-82.765171,41.5028609990636],[-82.753958,41.510410999063545],[-82.74741,41.51229799906356],[-82.737661,41.51154099906356],[-82.726252,41.51198699906356],[-82.722103,41.50966199906357],[-82.719462,41.505611999063575],[-82.719201,41.49967499906361],[-82.71456,41.50129599906359],[-82.722465,41.517574999063534],[-82.714017,41.524367999063514],[-82.712258,41.52788199906349],[-82.714216,41.53729699906346],[-82.720045,41.54222299906345],[-82.73607,41.543481999063424],[-82.750201,41.54625099906342],[-82.773572,41.54019699906345],[-82.785496,41.54067499906344],[-82.794324,41.54648599906343],[-82.805526,41.56009699906336],[-82.821205,41.57140599906332],[-82.828157,41.58078599906329],[-82.833823,41.58698899906327],[-82.84723,41.58534399906327],[-82.852923,41.58331499906327],[-82.859531,41.57637099906331],[-82.854119,41.57190799906333],[-82.856447,41.56787599906335],[-82.855049,41.56420599906335],[-82.849946,41.56344299906336],[-82.855776,41.555657999063385],[-82.857162,41.54711699906342],[-82.861509,41.54440599906343],[-82.861744,41.54072499906345],[-82.868583,41.53369899906346],[-82.877224,41.527597999063495],[-82.88847,41.5218029990635],[-82.89427,41.519807999063524],[-82.910933,41.51592799906354],[-82.926384,41.51426199906355],[-82.93521,41.51482999906355],[-82.93736,41.51679899906353],[-82.957009,41.52032099906352],[-82.969679,41.52389899906351],[-82.983841,41.53012799906349],[-83.000329,41.53868499906345],[-83.000658,41.539952999063445],[-83.012065,41.545929999063425],[-83.03859,41.56220499906336],[-83.048002,41.57196699906332],[-83.053064,41.57863499906329],[-83.062762,41.586208999063274],[-83.063332,41.591327999063246],[-83.075097,41.60055299906321],[-83.086046,41.60642499906319],[-83.103422,41.612886999063164],[-83.128579,41.61528599906315],[-83.13541,41.61517499906316],[-83.152874,41.61872699906315],[-83.1695478899806,41.62328352755632],[-83.29945,41.621754999063135],[-83.370317,41.620448999063136],[-83.415941,41.619109999063134]]]],"type":"MultiPolygon"},"properties":{"geo_point_2d":{"lon":-83.1438607103925,"lat":41.53779756763504},"year":"2023","ste_code":["39"],"ste_name":["Ohio"],"coty_code":["39123"],"coty_name":["Ottawa"],"coty_area_code":"USA","coty_type":"county","coty_name_long":["Ottawa County"],"coty_fp_code":"123","coty_gnis_code":"01074074"}},{"type":"Feature","geometry":{"coordinates":[[[-83.414626,41.5002279990636],[-83.415437,41.42802899906389],[-83.417291,41.34128099906426],[-83.419843,41.25400299906461],[-83.312964,41.2545709990646],[-83.283317,41.2535819990646],[-83.263838,41.25330699906461],[-83.216421,41.253251999064624],[-83.187755,41.254912999064615],[-83.131606,41.256395999064594],[-83.072761,41.256879999064594],[-83.033158,41.2564369990646],[-83.012326,41.255910999064604],[-82.955996,41.2560289990646],[-82.840087,41.255336999064596],[-82.841475,41.29002299906447],[-82.843226,41.332560999064285],[-82.847706,41.43049499906388],[-82.9019299036973,41.430474239329584],[-82.910079,41.42489199906391],[-82.920198,41.42144699906392],[-82.92527,41.418422999063935],[-82.930184,41.42000599906393],[-82.938753,41.42035999906392],[-82.941966,41.41906099906392],[-82.950345,41.42194299906391],[-82.957086,41.4254859990639],[-82.960583,41.43401299906388],[-82.967702,41.44095599906384],[-82.971325,41.4491489990638],[-82.976617,41.45361199906379],[-82.986473,41.451302999063806],[-82.986368,41.44671499906381],[-82.993378,41.44506199906383],[-82.996019,41.44162599906383],[-83.003181,41.43723399906384],[-83.003332,41.43421999906386],[-82.999471,41.43227499906387],[-83.001617,41.42815999906389],[-83.01063,41.429261999063876],[-83.011179,41.441176999063856],[-83.014361,41.444854999063814],[-83.024116,41.44737399906382],[-83.025714,41.45323799906379],[-83.031242,41.4542249990638],[-83.039541,41.450655999063805],[-83.03863861902279,41.45753906012877],[-83.067459,41.457168999063775],[-83.144837,41.457715999063765],[-83.18256,41.457836999063765],[-83.182583,41.45839699906377],[-83.281871,41.45792699906377],[-83.338196,41.457507999063765],[-83.338991,41.50118899906361],[-83.414626,41.5002279990636]]],"type":"Polygon"},"properties":{"geo_point_2d":{"lon":-83.14646202003922,"lat":41.35614390910011},"year":"2023","ste_code":["39"],"ste_name":["Ohio"],"coty_code":["39143"],"coty_name":["Sandusky"],"coty_area_code":"USA","coty_type":"county","coty_name_long":["Sandusky County"],"coty_fp_code":"143","coty_gnis_code":"01074084"}},{"type":"Feature","geometry":{"coordinates":[[[[-83.110635,41.7378879990627],[-83.103337,41.73837199906269],[-83.105569,41.74250999906268],[-83.110635,41.7378879990627]]],[[[-83.443366,41.704452999062816],[-83.445104,41.70095199906283],[-83.438416,41.69431899906285],[-83.434453,41.69710599906285],[-83.42128,41.703375999062814],[-83.427607,41.711744999062795],[-83.443366,41.704452999062816]]],[[[-83.461182,41.70570499906282],[-83.460788,41.70125899906283],[-83.446868,41.70699099906281],[-83.449343,41.71049899906279],[-83.461182,41.70570499906282]]],[[[-83.882943,41.48754299906366],[-83.882896,41.438632999063856],[-83.883234,41.41450299906395],[-83.872898,41.416368999063934],[-83.867364,41.41474799906394],[-83.85434,41.414444999063946],[-83.851556,41.41688699906394],[-83.849764,41.42226399906391],[-83.84562,41.42502799906391],[-83.833931,41.42783199906388],[-83.828707,41.43015999906388],[-83.817547,41.432295999063875],[-83.809299,41.43652399906386],[-83.806479,41.43650699906386],[-83.791012,41.44554099906382],[-83.780754,41.450061999063806],[-83.779162,41.4527639990638],[-83.779938,41.45959599906376],[-83.773282,41.46361599906374],[-83.764937,41.46225199906376],[-83.754529,41.46282399906375],[-83.745769,41.46791199906373],[-83.740257,41.4775759990637],[-83.732649,41.48468399906366],[-83.722232,41.48663999906366],[-83.717416,41.48860399906365],[-83.711528,41.49554799906362],[-83.713632,41.500190999063605],[-83.711232,41.506287999063574],[-83.709176,41.52312399906352],[-83.699736,41.53395199906347],[-83.694136,41.53855199906346],[-83.680084,41.546858999063424],[-83.665635,41.5492509990634],[-83.659835,41.5534509990634],[-83.652033,41.55565099906339],[-83.643435,41.56115099906337],[-83.636135,41.56025099906337],[-83.631334,41.56275099906336],[-83.625634,41.57005099906332],[-83.612734,41.57075099906333],[-83.609533,41.57325399906332],[-83.608433,41.577950999063304],[-83.600735,41.58624999906327],[-83.594434,41.58905299906326],[-83.588034,41.6009499990632],[-83.582034,41.60504999906319],[-83.578334,41.61094999906318],[-83.569934,41.61714999906315],[-83.564452,41.61768099906314],[-83.512604,41.61790899906315],[-83.415941,41.619109999063134],[-83.370317,41.620448999063136],[-83.29945,41.621754999063135],[-83.1695478899806,41.62328352755632],[-83.187392,41.628340999063106],[-83.201322,41.633852999063095],[-83.208187,41.635242999063074],[-83.236745,41.64900599906303],[-83.237796,41.65085399906303],[-83.278855,41.67256599906294],[-83.283277,41.675706999062925],[-83.300189,41.67556899906294],[-83.306249,41.67663099906293],[-83.309959,41.68291199906291],[-83.305754,41.68773799906288],[-83.317782,41.69510299906286],[-83.323934,41.69745799906284],[-83.329531,41.70272099906282],[-83.335869,41.70549099906282],[-83.338188,41.70345999906282],[-83.337985,41.69868199906285],[-83.343011,41.69196299906286],[-83.349597,41.68972299906288],[-83.35173,41.68695299906288],[-83.372229,41.68517499906289],[-83.379711,41.68561399906289],[-83.388987,41.689099999062876],[-83.393223,41.691893999062856],[-83.400025,41.69090099906286],[-83.409547,41.691223999062856],[-83.423208,41.689447999062864],[-83.439592,41.69262399906287],[-83.4428,41.695631999062854],[-83.447294,41.69563599906285],[-83.45569,41.69806799906286],[-83.458643,41.696870999062845],[-83.460195,41.69185199906285],[-83.467396,41.68797999906288],[-83.472222,41.68720899906288],[-83.480213,41.6820789990629],[-83.484138,41.68477499906289],[-83.477619,41.689040999062875],[-83.469968,41.696233999062855],[-83.477816,41.69845999906284],[-83.478834,41.70279799906282],[-83.474632,41.704446999062824],[-83.471666,41.715697999062776],[-83.467679,41.72257099906276],[-83.460821,41.72735899906273],[-83.45597,41.72761199906274],[-83.455401,41.73284299906272],[-83.585235,41.72934799906273],[-83.685337,41.72644899906274],[-83.708937,41.72514999906275],[-83.7631498887765,41.72354733236655],[-83.859541,41.72124999906275],[-83.8803872579474,41.720089446841556],[-83.878417,41.657769999062985],[-83.877368,41.61754699906315],[-83.882443,41.61751699906314],[-83.882463,41.58904799906325],[-83.882943,41.48754299906366]]]],"type":"MultiPolygon"},"properties":{"geo_point_2d":{"lon":-83.65886054185606,"lat":41.619712276571406},"year":"2023","ste_code":["39"],"ste_name":["Ohio"],"coty_code":["39095"],"coty_name":["Lucas"],"coty_area_code":"USA","coty_type":"county","coty_name_long":["Lucas County"],"coty_fp_code":"095","coty_gnis_code":"01074060"}},{"type":"Feature","geometry":{"coordinates":[[[-82.841475,41.29002299906447],[-82.840087,41.255336999064596],[-82.836495,41.16756999906498],[-82.832707,41.080545999065365],[-82.829512,40.99662399906574],[-82.796424,40.99613999906574],[-82.724792,40.99563799906574],[-82.688134,40.99541599906574],[-82.630592,40.99463999906575],[-82.581315,40.99418699906575],[-82.534181,40.993473999065756],[-82.477569,40.992916999065756],[-82.432852,40.99294399906576],[-82.436916,41.06537899906544],[-82.336496,41.06576099906543],[-82.337969,41.11581599906521],[-82.340297,41.129455999065144],[-82.340616,41.137898999065115],[-82.341285,41.18794699906489],[-82.340324,41.211281999064795],[-82.342337,41.28424399906449],[-82.442548,41.28387399906449],[-82.539417,41.28564199906448],[-82.585862,41.28628199906448],[-82.623304,41.28622999906448],[-82.63513,41.28664199906448],[-82.661049,41.286619999064484],[-82.680813,41.28709499906448],[-82.727127,41.28767899906447],[-82.783919,41.28865799906447],[-82.841475,41.29002299906447]]],"type":"Polygon"},"properties":{"geo_point_2d":{"lon":-82.59802903432241,"lat":41.14627658356218},"year":"2023","ste_code":["39"],"ste_name":["Ohio"],"coty_code":["39077"],"coty_name":["Huron"],"coty_area_code":"USA","coty_type":"county","coty_name_long":["Huron County"],"coty_fp_code":"077","coty_gnis_code":"01074051"}},{"type":"Feature","geometry":{"coordinates":[[[-82.761827,40.125854999070114],[-82.763754,40.097700999070284],[-82.767483,40.05102799907055],[-82.773825,39.97612499907096],[-82.779459,39.97629299907096],[-82.782495,39.939661999071156],[-82.77287,39.93932599907117],[-82.681183,39.93445999907121],[-82.610427,39.93115499907121],[-82.581813,39.93015599907122],[-82.505638,39.92670499907124],[-82.473423,39.925064999071246],[-82.462813,39.93037999907123],[-82.418179,39.92793599907124],[-82.418666,39.92244699907126],[-82.336898,39.91800399907129],[-82.233974,39.91325999907132],[-82.231695,39.9510749990711],[-82.217931,39.9511419990711],[-82.198728,39.950195999071106],[-82.19534,40.00596699907079],[-82.194713,40.0222829990707],[-82.190788,40.093988999070305],[-82.187105,40.16687999906989],[-82.186739,40.1830159990698],[-82.182823,40.2386239990695],[-82.195911,40.239070999069504],[-82.23987,40.23992599906949],[-82.280895,40.2401729990695],[-82.280942,40.23925099906949],[-82.317505,40.23962699906951],[-82.374873,40.24127499906949],[-82.434507,40.24380299906948],[-82.477273,40.24580999906946],[-82.476114,40.264702999069364],[-82.51678,40.26657499906937],[-82.580378,40.26978499906934],[-82.644208,40.27266399906932],[-82.750747,40.27699599906929],[-82.753515,40.242097999069486],[-82.758974,40.163454999069906],[-82.761827,40.125854999070114]]],"type":"Polygon"},"properties":{"geo_point_2d":{"lon":-82.48312194585309,"lat":40.091622824816234},"year":"2023","ste_code":["39"],"ste_name":["Ohio"],"coty_code":["39089"],"coty_name":["Licking"],"coty_area_code":"USA","coty_type":"county","coty_name_long":["Licking County"],"coty_fp_code":"089","coty_gnis_code":"01074057"}},{"type":"Feature","geometry":{"coordinates":[[[-83.419836,40.6868229990672],[-83.419782,40.6453429990674],[-83.420251,40.613981999067555],[-83.419874,40.58636699906769],[-83.418471,40.56682399906779],[-83.415624,40.51536599906806],[-83.41867,40.5052289990681],[-83.248289,40.507077999068095],[-83.248281,40.46322599906832],[-83.248595,40.44398899906841],[-83.19183,40.44053499906844],[-83.160371,40.43887399906844],[-83.113678,40.43699399906845],[-83.020798,40.433794999068475],[-83.016785,40.48451099906821],[-82.958401,40.49066399906819],[-82.957801,40.61609699906756],[-82.957817,40.645147999067404],[-82.907042,40.646031999067404],[-82.859753,40.64639499906739],[-82.858302,40.705018999067114],[-82.939289,40.70437799906712],[-82.957773,40.70328699906713],[-83.068214,40.70316399906712],[-83.11136,40.70291499906712],[-83.192304,40.70212199906713],[-83.227041,40.70231899906713],[-83.304687,40.70200599906712],[-83.304725,40.6871239990672],[-83.349571,40.6873339990672],[-83.419831,40.687277999067206],[-83.419836,40.6868229990672]]],"type":"Polygon"},"properties":{"geo_point_2d":{"lon":-83.16093046134004,"lat":40.58717185856992},"year":"2023","ste_code":["39"],"ste_name":["Ohio"],"coty_code":["39101"],"coty_name":["Marion"],"coty_area_code":"USA","coty_type":"county","coty_name_long":["Marion County"],"coty_fp_code":"101","coty_gnis_code":"01074063"}},{"type":"Feature","geometry":{"coordinates":[[[-83.881149,41.167823999064986],[-83.880754,41.07632399906539],[-83.880592,40.97021499906587],[-83.880423,40.9204289990661],[-83.880063,40.819918999066566],[-83.766305,40.81925799906656],[-83.699243,40.81958999906655],[-83.651426,40.81948699906657],[-83.576564,40.81887899906658],[-83.515883,40.81813399906657],[-83.514728,40.905114999066164],[-83.476741,40.90496399906616],[-83.476793,40.94837899906597],[-83.457681,40.948516999065966],[-83.45785,40.99167099906577],[-83.420319,40.991888999065765],[-83.420649,41.013698999065674],[-83.420867,41.07928299906537],[-83.421231,41.12298899906518],[-83.421054,41.16677999906499],[-83.46465,41.166433999064985],[-83.499927,41.16575099906498],[-83.544668,41.16631799906499],[-83.581865,41.16717399906499],[-83.649307,41.16765999906498],[-83.727125,41.16852799906498],[-83.881149,41.167823999064986]]],"type":"Polygon"},"properties":{"geo_point_2d":{"lon":-83.66654678686352,"lat":41.00193465270213},"year":"2023","ste_code":["39"],"ste_name":["Ohio"],"coty_code":["39063"],"coty_name":["Hancock"],"coty_area_code":"USA","coty_type":"county","coty_name_long":["Hancock County"],"coty_fp_code":"063","coty_gnis_code":"01074044"}},{"type":"Feature","geometry":{"coordinates":[[[-84.432575,40.19703699906973],[-84.432717,40.188910999069776],[-84.436332,40.18080099906982],[-84.432282,40.180839999069825],[-84.42986,40.094448999070295],[-84.428777,40.050792999070545],[-84.428731,40.0218879990707],[-84.427707,40.0055349990708],[-84.427346,39.977810999070954],[-84.426572,39.97071799907099],[-84.426587,39.94645099907114],[-84.425902,39.91962199907128],[-84.317204,39.92126199907127],[-84.286062,39.92155399907128],[-84.232105,39.92234799907127],[-84.157671,39.922969999071256],[-84.167065,39.91219699907132],[-84.163491,39.89485399907144],[-84.157593,39.88812999907146],[-84.157217,39.885993999071474],[-84.051012,39.87980999907151],[-84.048452,39.90818399907135],[-84.044433,39.94825399907111],[-84.036069,40.0401819990706],[-84.027238,40.140232999070044],[-84.022919,40.183944999069794],[-84.136482,40.19051299906977],[-84.219137,40.195498999069734],[-84.218658,40.20000399906972],[-84.248405,40.19911099906971],[-84.285842,40.19844799906972],[-84.38385,40.19730699906974],[-84.394485,40.19763499906972],[-84.432575,40.19703699906973]]],"type":"Polygon"},"properties":{"geo_point_2d":{"lon":-84.22884489212575,"lat":40.05347557420991},"year":"2023","ste_code":["39"],"ste_name":["Ohio"],"coty_code":["39109"],"coty_name":["Miami"],"coty_area_code":"USA","coty_type":"county","coty_name_long":["Miami County"],"coty_fp_code":"109","coty_gnis_code":"01074067"}},{"type":"Feature","geometry":{"coordinates":[[[-83.515883,40.81813399906657],[-83.496296,40.81793999906656],[-83.496629,40.80199199906666],[-83.496807,40.73047399906698],[-83.495671,40.73046999906698],[-83.495704,40.70148899906713],[-83.477863,40.70146899906714],[-83.459414,40.70213999906713],[-83.440169,40.70220099906713],[-83.440278,40.68761099906719],[-83.419836,40.6868229990672],[-83.419831,40.687277999067206],[-83.349571,40.6873339990672],[-83.304725,40.6871239990672],[-83.304687,40.70200599906712],[-83.227041,40.70231899906713],[-83.192304,40.70212199906713],[-83.11136,40.70291499906712],[-83.111742,40.734537999066966],[-83.111815,40.775144999066775],[-83.112162,40.804176999066634],[-83.112425,40.87067999906631],[-83.112665,40.89190699906623],[-83.112271,40.9167729990661],[-83.112737,40.99344699906576],[-83.139022,40.99349099906576],[-83.259252,40.99276199906576],[-83.265498,40.99298699906576],[-83.324262,40.99264999906576],[-83.329077,40.992428999065766],[-83.382743,40.992253999065774],[-83.420319,40.991888999065765],[-83.45785,40.99167099906577],[-83.457681,40.948516999065966],[-83.476793,40.94837899906597],[-83.476741,40.90496399906616],[-83.514728,40.905114999066164],[-83.515883,40.81813399906657]]],"type":"Polygon"},"properties":{"geo_point_2d":{"lon":-83.30438038092959,"lat":40.84238101601752},"year":"2023","ste_code":["39"],"ste_name":["Ohio"],"coty_code":["39175"],"coty_name":["Wyandot"],"coty_area_code":"USA","coty_type":"county","coty_name_long":["Wyandot County"],"coty_fp_code":"175","coty_gnis_code":"01074099"}},{"type":"Feature","geometry":{"coordinates":[[[-82.8159813238463,38.57071833565628],[-82.800112,38.563182999080134],[-82.789776,38.55995099908015],[-82.779472,38.55902299908016],[-82.763695,38.56039899908014],[-82.739582,38.55899099908016],[-82.730958,38.559263999080166],[-82.724846,38.55759999908017],[-82.714142,38.55054399908022],[-82.700045,38.54433599908027],[-82.689965,38.535919999080335],[-82.675724,38.51550399908047],[-82.6654809126012,38.50573700344795],[-82.657051,38.49681599908062],[-82.648395,38.49036799908065],[-82.637707,38.48444899908071],[-82.624106,38.479696999080744],[-82.613802,38.47452899908078],[-82.608202,38.46804899908083],[-82.604089,38.45984099908089],[-82.600761,38.43742499908105],[-82.596921,38.42670499908113],[-82.59348,38.42182099908118],[-82.593482,38.4182519990812],[-82.587586,38.41274099908124],[-82.578999,38.40778299908127],[-82.571613,38.405137999081305],[-82.56059,38.40471499908129],[-82.549799,38.40320199908131],[-82.540199,38.403665999081305],[-82.529579,38.4051819990813],[-82.507678,38.41078199908126],[-82.486577,38.418081999081195],[-82.459676,38.424681999081145],[-82.447076,38.42698199908112],[-82.434375,38.43008199908111],[-82.404882,38.43934699908104],[-82.389746,38.43435499908109],[-82.381773,38.43478299908108],[-82.360145,38.438595999081045],[-82.34064,38.440947999081025],[-82.330335,38.444499999081],[-82.323999,38.449267999080966],[-82.318111,38.45787599908089],[-82.313935,38.468083999080825],[-82.310639,38.48317199908072],[-82.304223,38.49630799908062],[-82.303071,38.50438399908057],[-82.303971,38.51768299908047],[-82.302871,38.523182999080426],[-82.295671,38.53848299908031],[-82.293271,38.56028299908015],[-82.293871,38.57268299908006],[-82.291271,38.57898299908002],[-82.2871015269719,38.58258815486569],[-82.28727,38.582782999079996],[-82.361674,38.58518199907998],[-82.354468,38.676069999079324],[-82.472478,38.68227899907927],[-82.466878,38.74147799907885],[-82.486579,38.742977999078846],[-82.483579,38.772277999078625],[-82.582683,38.779076999078576],[-82.575583,38.84447799907812],[-82.650039,38.84907299907809],[-82.654461,38.80487099907841],[-82.659086,38.7626769990787],[-82.661386,38.76247699907869],[-82.662886,38.74797699907881],[-82.695387,38.7499769990788],[-82.701486,38.690877999079206],[-82.706383,38.67748499907929],[-82.763895,38.679973999079294],[-82.766188,38.64467799907953],[-82.762388,38.640677999079564],[-82.756026,38.625078999079676],[-82.740383,38.59716699907989],[-82.774227,38.585460999079956],[-82.8159813238463,38.57071833565628]]],"type":"Polygon"},"properties":{"geo_point_2d":{"lon":-82.53676311205017,"lat":38.59841624177514},"year":"2023","ste_code":["39"],"ste_name":["Ohio"],"coty_code":["39087"],"coty_name":["Lawrence"],"coty_area_code":"USA","coty_type":"county","coty_name_long":["Lawrence County"],"coty_fp_code":"087","coty_gnis_code":"01074056"}},{"type":"Feature","geometry":{"coordinates":[[[-83.270817,39.01579099907695],[-83.269205,38.93004699907754],[-83.268578,38.882520999077855],[-83.268077,38.75588799907875],[-83.268186,38.70988899907907],[-83.268245,38.618528999079736],[-83.2670668881558,38.61817759564683],[-83.261126,38.6227229990797],[-83.254558,38.623402999079694],[-83.245664,38.628563999079645],[-83.232404,38.62756899907966],[-83.226189,38.625306999079676],[-83.213113,38.618887999079725],[-83.203728,38.61672999907974],[-83.175961,38.61917699907972],[-83.153783,38.61882699907974],[-83.142836,38.62507599907968],[-83.135046,38.631718999079624],[-83.126311,38.64524399907953],[-83.122547,38.65919999907943],[-83.11786,38.66607299907938],[-83.112372,38.67168499907934],[-83.102746,38.67731599907931],[-83.084226,38.681089999079276],[-83.064319,38.68897599907922],[-83.053104,38.69583099907918],[-83.042338,38.7083189990791],[-83.038442,38.71637699907903],[-83.0308858850033,38.72556768948497],[-83.021752,38.72878999907894],[-83.011816,38.73005699907893],[-82.999296,38.72937599907894],[-82.986095,38.72627599907896],[-82.979395,38.72597599907896],[-82.968695,38.72877599907895],[-82.958895,38.734975999078905],[-82.943147,38.74327999907884],[-82.923694,38.75007599907879],[-82.894193,38.75657599907875],[-82.889193,38.756075999078746],[-82.879492,38.75147599907877],[-82.875492,38.7472759990788],[-82.871292,38.73937599907886],[-82.869892,38.72817699907895],[-82.871192,38.71837699907901],[-82.875292,38.70497699907911],[-82.877592,38.69017699907923],[-82.874892,38.682826999079275],[-82.869592,38.67817699907929],[-82.863291,38.66927699907937],[-82.859391,38.66037799907944],[-82.856291,38.64607799907953],[-82.856791,38.632877999079625],[-82.855795,38.62081399907971],[-82.851314,38.60433399907983],[-82.847186,38.595165999079896],[-82.839538,38.58615899907996],[-82.820161,38.57270299908006],[-82.8159813238463,38.57071833565628],[-82.774227,38.585460999079956],[-82.740383,38.59716699907989],[-82.756026,38.625078999079676],[-82.762388,38.640677999079564],[-82.766188,38.64467799907953],[-82.763895,38.679973999079294],[-82.706383,38.67748499907929],[-82.701486,38.690877999079206],[-82.695387,38.7499769990788],[-82.662886,38.74797699907881],[-82.661386,38.76247699907869],[-82.659086,38.7626769990787],[-82.654461,38.80487099907841],[-82.650039,38.84907299907809],[-82.686009,38.85121099907808],[-82.76069,38.85487499907805],[-82.761985,38.869521999077946],[-82.75849,38.88627399907784],[-82.753391,38.94537299907743],[-82.80709,38.94807299907741],[-82.899694,38.95238799907738],[-82.970759,38.95527399907735],[-83.043473,38.95693699907735],[-83.121976,38.95804899907734],[-83.129412,38.95790899907734],[-83.212107,38.96014799907733],[-83.214655,38.9633549990773],[-83.210496,38.96857999907728],[-83.2133,38.972099999077244],[-83.217234,38.97175799907726],[-83.216556,38.978185999077205],[-83.213365,38.986060999077154],[-83.215252,38.9919219990771],[-83.22654,38.99548199907709],[-83.227315,38.99800399907708],[-83.23823,39.00589699907702],[-83.237811,39.00985599907699],[-83.24842,39.01003699907698],[-83.261827,39.015223999076944],[-83.268734,39.014452999076966],[-83.270817,39.01579099907695]]],"type":"Polygon"},"properties":{"geo_point_2d":{"lon":-82.99288469474016,"lat":38.803932240540284},"year":"2023","ste_code":["39"],"ste_name":["Ohio"],"coty_code":["39145"],"coty_name":["Scioto"],"coty_area_code":"USA","coty_type":"county","coty_name_long":["Scioto County"],"coty_fp_code":"145","coty_gnis_code":"01074085"}},{"type":"Feature","geometry":{"coordinates":[[[-81.647735,40.91401599906611],[-81.647859,40.8539809990664],[-81.648338,40.748819999066896],[-81.649279,40.73420199906696],[-81.64983,40.6681129990673],[-81.650026,40.66777399906729],[-81.648921,40.667770999067294],[-81.64911,40.634524999067445],[-81.566188,40.64397999906741],[-81.537606,40.647101999067395],[-81.469104,40.65494099906736],[-81.467461,40.65591399906735],[-81.460876,40.666362999067296],[-81.455521,40.666581999067304],[-81.438317,40.662993999067325],[-81.435996,40.65811599906735],[-81.440986,40.657382999067345],[-81.446925,40.653639999067366],[-81.357261,40.65256499906737],[-81.317876,40.651933999067374],[-81.317739,40.65157899906737],[-81.24125,40.65053399906739],[-81.237227,40.72354199906704],[-81.19909,40.72220799906703],[-81.198737,40.729146999066984],[-81.12108,40.728088999067],[-81.087289,40.727815999067],[-81.086757,40.81393599906659],[-81.086868,40.81490599906659],[-81.086679,40.90160899906618],[-81.086312,40.98803099906577],[-81.195679,40.98820499906578],[-81.203146,40.98798899906577],[-81.24939,40.98835899906579],[-81.357529,40.98871699906578],[-81.393249,40.98853099906578],[-81.416334,40.98845599906578],[-81.417841,40.95061399906594],[-81.420363,40.90650199906616],[-81.497145,40.90890199906614],[-81.565299,40.91145799906614],[-81.633861,40.913752999066126],[-81.647735,40.91401599906611]]],"type":"Polygon"},"properties":{"geo_point_2d":{"lon":-81.36561500436201,"lat":40.813909691585245},"year":"2023","ste_code":["39"],"ste_name":["Ohio"],"coty_code":["39151"],"coty_name":["Stark"],"coty_area_code":"USA","coty_type":"county","coty_name_long":["Stark County"],"coty_fp_code":"151","coty_gnis_code":"01065576"}},{"type":"Feature","geometry":{"coordinates":[[[-81.003126,41.501477999063596],[-81.003325,41.458809999063774],[-81.003202,41.42546599906391],[-81.003191,41.34785899906422],[-81.00319,41.30989699906437],[-81.00288,41.271841999064534],[-81.002745,41.20269299906484],[-81.00229,41.13418899906513],[-80.966247,41.13417299906512],[-80.857206,41.134397999065136],[-80.699053,41.133853999065124],[-80.616185,41.13333299906513],[-80.5191646523219,41.13321839036993],[-80.519144,41.171202999064974],[-80.518693,41.248854999064626],[-80.518996,41.26829999906456],[-80.518794,41.305508999064386],[-80.519345,41.34073999906424],[-80.518993,41.43545399906387],[-80.519208784418,41.489110811938545],[-80.5192241242287,41.49934000037691],[-80.618523,41.49841399906361],[-80.713163,41.49967699906361],[-80.791004,41.5004579990636],[-80.884409,41.5010469990636],[-81.003126,41.501477999063596]]],"type":"Polygon"},"properties":{"geo_point_2d":{"lon":-80.76124239234117,"lat":41.31702262542249},"year":"2023","ste_code":["39"],"ste_name":["Ohio"],"coty_code":["39155"],"coty_name":["Trumbull"],"coty_area_code":"USA","coty_type":"county","coty_name_long":["Trumbull County"],"coty_fp_code":"155","coty_gnis_code":"01074089"}},{"type":"Feature","geometry":{"coordinates":[[[-84.485367,39.91849099907129],[-84.48537,39.90529699907137],[-84.484215,39.859909999071625],[-84.482704,39.78828299907205],[-84.480149,39.65704999907283],[-84.479213,39.591023999073236],[-84.474246,39.59015499907325],[-84.412856,39.58986099907325],[-84.365242,39.589854999073246],[-84.365232,39.58949299907324],[-84.285687,39.58955199907325],[-84.201408,39.583947999073274],[-84.114174,39.578229999073315],[-84.109635,39.62595899907302],[-84.111935,39.62635899907301],[-84.111261,39.63801699907295],[-84.108678,39.66782999907277],[-84.107736,39.67497299907273],[-84.105465,39.70640099907253],[-84.10339,39.7282119990724],[-84.097837,39.78015799907209],[-84.096933,39.79579899907201],[-84.092938,39.83834499907176],[-84.055053,39.83621099907177],[-84.053713,39.85071399907169],[-84.051012,39.87980999907151],[-84.157217,39.885993999071474],[-84.157593,39.88812999907146],[-84.163491,39.89485399907144],[-84.167065,39.91219699907132],[-84.157671,39.922969999071256],[-84.232105,39.92234799907127],[-84.286062,39.92155399907128],[-84.317204,39.92126199907127],[-84.425902,39.91962199907128],[-84.485367,39.91849099907129]]],"type":"Polygon"},"properties":{"geo_point_2d":{"lon":-84.29065563555177,"lat":39.75467913409296},"year":"2023","ste_code":["39"],"ste_name":["Ohio"],"coty_code":["39113"],"coty_name":["Montgomery"],"coty_area_code":"USA","coty_type":"county","coty_name_long":["Montgomery County"],"coty_fp_code":"113","coty_gnis_code":"01074069"}},{"type":"Feature","geometry":{"coordinates":[[[-81.317739,40.65157899906737],[-81.319138,40.615478999067555],[-81.321659,40.56664799906779],[-81.264744,40.5650419990678],[-81.26747,40.50611199906811],[-81.269951,40.43348599906847],[-81.212348,40.43157699906849],[-81.212309,40.43345699906847],[-81.191035,40.43309799906849],[-81.100076,40.43059599906848],[-81.100097,40.4289279990685],[-80.999816,40.426013999068516],[-80.941911,40.42469999906852],[-80.940153,40.468348999068304],[-80.924566,40.467974999068296],[-80.923884,40.47888999906825],[-80.922377,40.52313399906801],[-80.92092,40.556314999067844],[-80.863567,40.555410999067846],[-80.861994,40.599403999067626],[-80.860822,40.64256999906741],[-80.918125,40.64346399906742],[-80.917491,40.67270599906726],[-80.917172,40.726933999067],[-80.994297,40.72702899906701],[-81.087289,40.727815999067],[-81.12108,40.728088999067],[-81.198737,40.729146999066984],[-81.19909,40.72220799906703],[-81.237227,40.72354199906704],[-81.24125,40.65053399906739],[-81.317739,40.65157899906737]]],"type":"Polygon"},"properties":{"geo_point_2d":{"lon":-81.0897337026698,"lat":40.57956497264381},"year":"2023","ste_code":["39"],"ste_name":["Ohio"],"coty_code":["39019"],"coty_name":["Carroll"],"coty_area_code":"USA","coty_type":"county","coty_name_long":["Carroll County"],"coty_fp_code":"019","coty_gnis_code":"01074022"}},{"type":"Feature","geometry":{"coordinates":[[[-84.434631,40.35425899906889],[-84.43461,40.32529299906904],[-84.43357,40.23168899906955],[-84.432533,40.20630599906968],[-84.432575,40.19703699906973],[-84.394485,40.19763499906972],[-84.38385,40.19730699906974],[-84.285842,40.19844799906972],[-84.248405,40.19911099906971],[-84.218658,40.20000399906972],[-84.219137,40.195498999069734],[-84.136482,40.19051299906977],[-84.022919,40.183944999069794],[-84.014763,40.27345899906933],[-84.01033,40.31717999906908],[-84.0037,40.312926999069106],[-84.004394,40.36873199906883],[-84.004837,40.390383999068696],[-84.001937,40.3906889990687],[-84.002372,40.48311499906822],[-84.107147,40.48316099906822],[-84.126083,40.48275699906823],[-84.16912,40.48240599906821],[-84.220245,40.48224199906822],[-84.25077,40.481818999068224],[-84.339137,40.48107599906824],[-84.33876,40.42306499906853],[-84.338768,40.378741999068765],[-84.376739,40.37839099906876],[-84.434018,40.37824599906876],[-84.434387,40.354533999068884],[-84.434631,40.35425899906889]]],"type":"Polygon"},"properties":{"geo_point_2d":{"lon":-84.20475031823014,"lat":40.33153281350925},"year":"2023","ste_code":["39"],"ste_name":["Ohio"],"coty_code":["39149"],"coty_name":["Shelby"],"coty_area_code":"USA","coty_type":"county","coty_name_long":["Shelby County"],"coty_fp_code":"149","coty_gnis_code":"01074087"}},{"type":"Feature","geometry":{"coordinates":[[[-84.002372,40.48311499906822],[-84.001937,40.3906889990687],[-84.004837,40.390383999068696],[-84.004394,40.36873199906883],[-84.0037,40.312926999069106],[-84.01033,40.31717999906908],[-84.014763,40.27345899906933],[-83.898367,40.26654499906936],[-83.793616,40.2605189990694],[-83.783912,40.25976499906939],[-83.785354,40.245212999069466],[-83.746106,40.24298499906948],[-83.668846,40.23766599906951],[-83.551338,40.229369999069554],[-83.545567,40.28046699906928],[-83.534974,40.37810799906876],[-83.524982,40.46534699906831],[-83.520227,40.50407699906812],[-83.519727,40.50962299906808],[-83.636268,40.51730799906804],[-83.722415,40.522412999068024],[-83.880001,40.53189299906796],[-83.880039,40.53869399906794],[-83.908535,40.535389999067945],[-83.993867,40.53517399906796],[-83.993781,40.48300399906822],[-84.002372,40.48311499906822]]],"type":"Polygon"},"properties":{"geo_point_2d":{"lon":-83.76582579753261,"lat":40.38847014074032},"year":"2023","ste_code":["39"],"ste_name":["Ohio"],"coty_code":["39091"],"coty_name":["Logan"],"coty_area_code":"USA","coty_type":"county","coty_name_long":["Logan County"],"coty_fp_code":"091","coty_gnis_code":"01074058"}},{"type":"Feature","geometry":{"coordinates":[[[-82.184277,40.456381999068356],[-82.188629,40.37537999906878],[-82.19325,40.290286999069224],[-82.195911,40.239070999069504],[-82.182823,40.2386239990695],[-82.186739,40.1830159990698],[-82.187105,40.16687999906989],[-82.092981,40.162578999069915],[-82.087197,40.16170499906992],[-82.025515,40.16089399906993],[-81.850982,40.15644299906997],[-81.809396,40.15518899906996],[-81.716277,40.15285399906997],[-81.716276,40.15216599906998],[-81.670899,40.150975999069985],[-81.66769,40.20802299906967],[-81.66759,40.222467999069586],[-81.622351,40.22130599906961],[-81.62078,40.26237799906937],[-81.619222,40.295030999069205],[-81.61802,40.33048799906901],[-81.616307,40.368124999068804],[-81.70015,40.37058399906879],[-81.712383,40.3707629990688],[-81.709132,40.444774999068414],[-81.766185,40.446054999068416],[-81.825359,40.4471549990684],[-81.893906,40.4481019990684],[-81.902127,40.448915999068404],[-81.987584,40.45130899906839],[-81.988712,40.45109799906839],[-82.085885,40.45410099906837],[-82.085976,40.45292899906838],[-82.162096,40.45547399906836],[-82.184277,40.456381999068356]]],"type":"Polygon"},"properties":{"geo_point_2d":{"lon":-81.92005097653173,"lat":40.30165903628458},"year":"2023","ste_code":["39"],"ste_name":["Ohio"],"coty_code":["39031"],"coty_name":["Coshocton"],"coty_area_code":"USA","coty_type":"county","coty_name_long":["Coshocton County"],"coty_fp_code":"031","coty_gnis_code":"01074028"}},{"type":"Feature","geometry":{"coordinates":[[[-81.391694,41.34827199906421],[-81.391759,41.2840529990645],[-81.392134,41.23974299906467],[-81.391931,41.202854999064826],[-81.392231,41.19853699906485],[-81.392449,41.13976599906511],[-81.392203,41.135493999065126],[-81.393216,41.04063999906555],[-81.393249,40.98853099906578],[-81.357529,40.98871699906578],[-81.24939,40.98835899906579],[-81.203146,40.98798899906577],[-81.195679,40.98820499906578],[-81.086312,40.98803099906577],[-81.001695,40.987782999065786],[-81.001859,41.034380999065576],[-81.002417,41.04205099906553],[-81.00229,41.13418899906513],[-81.002745,41.20269299906484],[-81.00288,41.271841999064534],[-81.00319,41.30989699906437],[-81.003191,41.34785899906422],[-81.053623,41.347768999064215],[-81.113719,41.347353999064225],[-81.19142,41.34756899906422],[-81.298567,41.34731899906423],[-81.391694,41.34827199906421]]],"type":"Polygon"},"properties":{"geo_point_2d":{"lon":-81.19739160710397,"lat":41.16767687341024},"year":"2023","ste_code":["39"],"ste_name":["Ohio"],"coty_code":["39133"],"coty_name":["Portage"],"coty_area_code":"USA","coty_type":"county","coty_name_long":["Portage County"],"coty_fp_code":"133","coty_gnis_code":"01074079"}},{"type":"Feature","geometry":{"coordinates":[[[-84.8035312568312,41.25256196050743],[-84.803431,41.18032199906492],[-84.803502,41.12126199906518],[-84.803366,41.08928999906532],[-84.8032582490465,40.98939399124667],[-84.682535,40.98955699906577],[-84.591866,40.98979199906578],[-84.457198,40.990133999065776],[-84.399486,40.990314999065774],[-84.341911,40.99069199906577],[-84.342223,41.019820999065644],[-84.341937,41.06296599906545],[-84.341853,41.121758999065186],[-84.341602,41.165523999064995],[-84.341607,41.20905999906481],[-84.360973,41.20926099906481],[-84.436886,41.20917499906481],[-84.457059,41.20943399906481],[-84.457217,41.253484999064604],[-84.558917,41.25263199906461],[-84.611228,41.25280999906462],[-84.689309,41.25244299906461],[-84.8035312568312,41.25256196050743]]],"type":"Polygon"},"properties":{"geo_point_2d":{"lon":-84.58021556206941,"lat":41.11660755582608},"year":"2023","ste_code":["39"],"ste_name":["Ohio"],"coty_code":["39125"],"coty_name":["Paulding"],"coty_area_code":"USA","coty_type":"county","coty_name_long":["Paulding County"],"coty_fp_code":"125","coty_gnis_code":"01074075"}},{"type":"Feature","geometry":{"coordinates":[[[-82.748591,39.368164999074615],[-82.749709,39.3571639990747],[-82.7576,39.26615499907528],[-82.758647,39.25248199907538],[-82.762892,39.207966999075666],[-82.650087,39.202268999075706],[-82.651486,39.18956699907578],[-82.610985,39.18556999907581],[-82.574483,39.18546999907581],[-82.547609,39.182494999075836],[-82.536306,39.18075699907586],[-82.540282,39.14447099907608],[-82.49988,39.14117199907611],[-82.424693,39.13781599907614],[-82.435309,39.035078999076816],[-82.354963,39.029896999076854],[-82.322874,39.02767399907687],[-82.314703,39.11658199907628],[-82.313165,39.130771999076174],[-82.310081,39.16806799907592],[-82.306669,39.20549399907568],[-82.268583,39.20375999907569],[-82.260243,39.292914999075116],[-82.298476,39.29499599907509],[-82.289663,39.38419499907453],[-82.351274,39.38736899907451],[-82.405307,39.39038699907449],[-82.514479,39.39576699907445],[-82.51623,39.37506799907458],[-82.51758,39.369467999074615],[-82.609016,39.37429099907459],[-82.634386,39.37596599907459],[-82.635686,39.36156599907468],[-82.673572,39.36316099907466],[-82.748591,39.368164999074615]]],"type":"Polygon"},"properties":{"geo_point_2d":{"lon":-82.48535384623878,"lat":39.25098039192073},"year":"2023","ste_code":["39"],"ste_name":["Ohio"],"coty_code":["39163"],"coty_name":["Vinton"],"coty_area_code":"USA","coty_type":"county","coty_name_long":["Vinton County"],"coty_fp_code":"163","coty_gnis_code":"01074093"}},{"type":"Feature","geometry":{"coordinates":[[[-82.076639,39.770959999072154],[-82.080224,39.72767299907241],[-82.024219,39.72468599907244],[-82.032075,39.636659999072954],[-82.035874,39.59284599907323],[-82.037584,39.57935999907331],[-82.039605,39.5502169990735],[-82.047528,39.55082499907349],[-82.055779,39.46005299907406],[-81.940542,39.45433899907408],[-81.844863,39.4502159990741],[-81.825757,39.44917199907411],[-81.823158,39.49407199907384],[-81.783455,39.49257199907384],[-81.783755,39.48947199907387],[-81.760959,39.48858299907387],[-81.760955,39.48277299907391],[-81.732672,39.481359999073916],[-81.708527,39.48077499907392],[-81.705075,39.53098999907361],[-81.722217,39.53154999907361],[-81.721189,39.53540799907358],[-81.723511,39.547607999073506],[-81.717276,39.56262099907342],[-81.716055,39.56958299907338],[-81.716859,39.57911399907331],[-81.714447,39.58423599907327],[-81.708569,39.58620699907326],[-81.694334,39.58730299907326],[-81.68893,39.59048599907323],[-81.588185,39.58697299907327],[-81.587362,39.625072999073026],[-81.586132,39.66399299907279],[-81.6432,39.665680999072784],[-81.6398,39.75277099907227],[-81.639886,39.75341999907226],[-81.697461,39.754994999072245],[-81.697442,39.755571999072245],[-81.749853,39.757618999072236],[-81.895076,39.7638539990722],[-81.92785,39.76510799907219],[-81.964679,39.765798999072196],[-82.020392,39.76905899907216],[-82.020412,39.767994999072165],[-82.076639,39.770959999072154]]],"type":"Polygon"},"properties":{"geo_point_2d":{"lon":-81.85267625965683,"lat":39.62036919680103},"year":"2023","ste_code":["39"],"ste_name":["Ohio"],"coty_code":["39115"],"coty_name":["Morgan"],"coty_area_code":"USA","coty_type":"county","coty_name_long":["Morgan County"],"coty_fp_code":"115","coty_gnis_code":"01074070"}},{"type":"Feature","geometry":{"coordinates":[[[-81.002929,41.71488699906278],[-81.002781,41.64199999906305],[-81.002836,41.57170299906332],[-81.003126,41.501477999063596],[-80.884409,41.5010469990636],[-80.791004,41.5004579990636],[-80.713163,41.49967699906361],[-80.618523,41.49841399906361],[-80.5192241242287,41.49934000037691],[-80.519339,41.53929699906345],[-80.519357,41.66976699906296],[-80.519408,41.73935899906268],[-80.519239,41.76513799906259],[-80.519293557418,41.84956302995548],[-80.519408,41.977163999061844],[-80.53477,41.97281299906187],[-80.551894,41.969259999061876],[-80.559453,41.965289999061895],[-80.581483,41.957295999061905],[-80.595109,41.95443399906192],[-80.612526,41.94873299906193],[-80.630605,41.943614999061964],[-80.646615,41.94206999906197],[-80.653974,41.94054899906197],[-80.667906,41.934619999061994],[-80.677274,41.931679999062005],[-80.683099,41.930944999062014],[-80.698429,41.92569899906202],[-80.701487,41.92596999906202],[-80.711339,41.921871999062034],[-80.731301,41.917917999062055],[-80.748164,41.91659999906206],[-80.773135,41.90821799906208],[-80.781327,41.90700399906209],[-80.782672,41.911579999062084],[-80.789791,41.91021099906208],[-80.800644,41.90962399906207],[-80.808697,41.901605999062106],[-80.815501,41.89730199906212],[-80.825334,41.89336599906214],[-80.843953,41.88940899906214],[-80.851335,41.88520499906216],[-80.861498,41.88180099906217],[-80.869596,41.88028399906219],[-80.880172,41.87583399906219],[-80.887361,41.873864999062214],[-80.900554,41.868552999062224],[-80.912122,41.866173999062234],[-80.927987,41.864716999062246],[-80.939335,41.86186599906225],[-80.952072,41.86193899906225],[-80.957494,41.859728999062256],[-80.974742,41.85770099906227],[-80.994673,41.85393299906228],[-81.00219106630239,41.85305497840868],[-81.002817,41.7635659990626],[-81.002929,41.71488699906278]]],"type":"Polygon"},"properties":{"geo_point_2d":{"lon":-80.74818365718863,"lat":41.70720664983436},"year":"2023","ste_code":["39"],"ste_name":["Ohio"],"coty_code":["39007"],"coty_name":["Ashtabula"],"coty_area_code":"USA","coty_type":"county","coty_name_long":["Ashtabula County"],"coty_fp_code":"007","coty_gnis_code":"01074017"}},{"type":"Feature","geometry":{"coordinates":[[[-80.861994,40.599403999067626],[-80.863567,40.555410999067846],[-80.92092,40.556314999067844],[-80.922377,40.52313399906801],[-80.923884,40.47888999906825],[-80.924566,40.467974999068296],[-80.940153,40.468348999068304],[-80.941911,40.42469999906852],[-80.889934,40.42334899906852],[-80.865504,40.42292899906854],[-80.867201,40.37937799906876],[-80.871553,40.379457999068755],[-80.872266,40.37372099906879],[-80.872194,40.36073899906886],[-80.875632,40.291778999069216],[-80.878245,40.247676999069455],[-80.882892,40.159494999069935],[-80.849572,40.15840099906994],[-80.804625,40.156373999069956],[-80.800469,40.15656599906995],[-80.766269,40.15511099906996],[-80.765853,40.15984699906994],[-80.7029242071106,40.15725668467774],[-80.686137,40.181606999069814],[-80.6818121778124,40.1855662367095],[-80.6726,40.192370999069766],[-80.6681,40.19967099906971],[-80.666299,40.20627099906968],[-80.664299,40.2191699990696],[-80.661543,40.229797999069554],[-80.652098,40.244969999069475],[-80.644598,40.25126999906943],[-80.637098,40.25426999906941],[-80.622497,40.26176999906938],[-80.619297,40.265169999069364],[-80.616196,40.27226999906933],[-80.616796,40.285268999069245],[-80.614896,40.29196899906922],[-80.606596,40.30386899906916],[-80.602895,40.30706899906914],[-80.599895,40.31766899906908],[-80.602895,40.327868999069025],[-80.610796,40.34086799906896],[-80.612796,40.34766799906892],[-80.611796,40.35516799906889],[-80.608695,40.361967999068845],[-80.607595,40.36956799906881],[-80.609695,40.37496799906878],[-80.619196,40.381767999068735],[-80.63074,40.384899999068736],[-80.633596,40.3904669990687],[-80.6296993745958,40.39500665172458],[-80.615195,40.39986699906864],[-80.611795,40.40386699906862],[-80.612695,40.4076669990686],[-80.612295,40.41856699906855],[-80.612995,40.42936699906849],[-80.611195,40.43776699906845],[-80.604895,40.446666999068405],[-80.604395,40.44976699906839],[-80.598294,40.45836599906834],[-80.596094,40.46336599906832],[-80.594794,40.47136599906829],[-80.599194,40.48256599906822],[-80.609058,40.489505999068186],[-80.618003,40.50204899906813],[-80.620883,40.51225699906806],[-80.622195,40.52049699906804],[-80.627507,40.535792999067944],[-80.633107,40.538704999067946],[-80.64138,40.548416999067896],[-80.652436,40.56254399906783],[-80.666917,40.57366399906776],[-80.667957,40.58249599906771],[-80.74732,40.583326999067715],[-80.747112,40.59699099906764],[-80.830547,40.59852799906763],[-80.861994,40.599403999067626]]],"type":"Polygon"},"properties":{"geo_point_2d":{"lon":-80.76101403127909,"lat":40.38502027999564},"year":"2023","ste_code":["39"],"ste_name":["Ohio"],"coty_code":["39081"],"coty_name":["Jefferson"],"coty_area_code":"USA","coty_type":"county","coty_name_long":["Jefferson County"],"coty_fp_code":"081","coty_gnis_code":"01074053"}},{"type":"Feature","geometry":{"coordinates":[[[[-82.734466,41.6035099990632],[-82.734525,41.60113099906321],[-82.72487,41.59578199906323],[-82.715173,41.59496399906323],[-82.701972,41.59121499906325],[-82.702386,41.58657399906326],[-82.698916,41.58522299906326],[-82.685796,41.587639999063256],[-82.680234,41.59546199906323],[-82.680044,41.6056279990632],[-82.681422,41.611776999063174],[-82.675813,41.61899199906314],[-82.679711,41.61927599906314],[-82.689789,41.611492999063174],[-82.696967,41.610781999063164],[-82.702053,41.61230999906317],[-82.707377,41.619488999063144],[-82.718025,41.619417999063145],[-82.722636,41.616787999063156],[-82.724252,41.60896899906319],[-82.734466,41.6035099990632]]],[[[-82.34807018646879,41.42831400814249],[-82.350869,41.427387999063896],[-82.363496,41.42700099906389],[-82.372575,41.42172199906392],[-82.391491,41.416131999063936],[-82.431315,41.39686599906402],[-82.449851,41.390640999064054],[-82.460599,41.38631599906406],[-82.481214,41.381341999064084],[-82.50137,41.38147299906408],[-82.512208,41.38302399906407],[-82.536737,41.39238599906404],[-82.548365,41.398362999064005],[-82.551616,41.39702499906402],[-82.563401,41.402066999064],[-82.570804,41.40772199906398],[-82.583188,41.41059999906397],[-82.593277,41.414797999063936],[-82.600962,41.41953699906392],[-82.603305,41.417232999063934],[-82.611791,41.42108899906392],[-82.625853,41.42398699906391],[-82.620346,41.43292799906387],[-82.632998,41.44111099906384],[-82.641841,41.44760999906381],[-82.65807,41.46083899906375],[-82.681686,41.483790999063665],[-82.686934,41.49139799906363],[-82.694064,41.487935999063666],[-82.693551,41.48391999906367],[-82.686249,41.48109899906367],[-82.681172,41.4773809990637],[-82.672332,41.46258599906376],[-82.673781,41.45346999906379],[-82.68002,41.4531639990638],[-82.692273,41.454457999063784],[-82.699314,41.458868999063775],[-82.701605,41.462993999063755],[-82.718076,41.45758499906377],[-82.730658,41.45001699906381],[-82.743903,41.450354999063805],[-82.754671,41.44398899906382],[-82.766317,41.44577099906383],[-82.783905,41.45467799906378],[-82.801018,41.46429699906375],[-82.811714,41.4753389990637],[-82.812664,41.46981799906372],[-82.821221,41.469283999063734],[-82.82645,41.473557999063715],[-82.830015,41.47284599906371],[-82.828116,41.45861799906376],[-82.832562,41.453051999063796],[-82.837751,41.44984699906381],[-82.84625,41.44859699906381],[-82.848154,41.445684999063815],[-82.855272,41.44238199906383],[-82.863432,41.440309999063835],[-82.873053,41.44075899906384],[-82.874427,41.438214999063845],[-82.900903,41.43171099906388],[-82.9019299036973,41.430474239329584],[-82.847706,41.43049499906388],[-82.843226,41.332560999064285],[-82.841475,41.29002299906447],[-82.783919,41.28865799906447],[-82.727127,41.28767899906447],[-82.680813,41.28709499906448],[-82.661049,41.286619999064484],[-82.63513,41.28664199906448],[-82.623304,41.28622999906448],[-82.585862,41.28628199906448],[-82.539417,41.28564199906448],[-82.442548,41.28387399906449],[-82.342337,41.28424399906449],[-82.346919,41.402176999064],[-82.34807018646879,41.42831400814249]]]],"type":"MultiPolygon"},"properties":{"geo_point_2d":{"lon":-82.6193239717015,"lat":41.3639697680185},"year":"2023","ste_code":["39"],"ste_name":["Ohio"],"coty_code":["39043"],"coty_name":["Erie"],"coty_area_code":"USA","coty_type":"county","coty_name_long":["Erie County"],"coty_fp_code":"043","coty_gnis_code":"01074034"}},{"type":"Feature","geometry":{"coordinates":[[[-83.248595,40.44398899906841],[-83.249158,40.41872499906855],[-83.249523,40.38173899906875],[-83.249566,40.33933499906897],[-83.249253,40.282283999069264],[-83.248428,40.244465999069476],[-83.17233,40.244256999069464],[-83.169872,40.143076999070026],[-83.119942,40.14018099907003],[-83.005204,40.136335999070056],[-82.90284,40.13214799907009],[-82.858221,40.1299979990701],[-82.761827,40.125854999070114],[-82.758974,40.163454999069906],[-82.753515,40.242097999069486],[-82.750747,40.27699599906929],[-82.744931,40.349602999068914],[-82.868606,40.35523599906888],[-82.929588,40.35812299906886],[-82.924781,40.415003999068574],[-82.973121,40.417174999068564],[-82.973269,40.41650799906856],[-83.022079,40.41888399906855],[-83.020798,40.433794999068475],[-83.113678,40.43699399906845],[-83.160371,40.43887399906844],[-83.19183,40.44053499906844],[-83.248595,40.44398899906841]]],"type":"Polygon"},"properties":{"geo_point_2d":{"lon":-83.00484977374855,"lat":40.27840309537755},"year":"2023","ste_code":["39"],"ste_name":["Ohio"],"coty_code":["39041"],"coty_name":["Delaware"],"coty_area_code":"USA","coty_type":"county","coty_name_long":["Delaware County"],"coty_fp_code":"041","coty_gnis_code":"01074033"}},{"type":"Feature","geometry":{"coordinates":[[[-81.338064,40.21407699906964],[-81.339565,40.171998999069864],[-81.225924,40.17007499906987],[-81.225811,40.172693999069864],[-81.140838,40.17105099906987],[-81.111949,40.171099999069874],[-81.112072,40.16791699906989],[-81.051432,40.1654739990699],[-80.977791,40.162800999069916],[-80.942443,40.16171599906992],[-80.882892,40.159494999069935],[-80.878245,40.247676999069455],[-80.875632,40.291778999069216],[-80.872194,40.36073899906886],[-80.872266,40.37372099906879],[-80.871553,40.379457999068755],[-80.867201,40.37937799906876],[-80.865504,40.42292899906854],[-80.889934,40.42334899906852],[-80.941911,40.42469999906852],[-80.999816,40.426013999068516],[-81.100097,40.4289279990685],[-81.100076,40.43059599906848],[-81.191035,40.43309799906849],[-81.212309,40.43345699906847],[-81.212348,40.43157699906849],[-81.269951,40.43348599906847],[-81.271224,40.398907999068655],[-81.273695,40.34546499906893],[-81.275319,40.30343399906915],[-81.334601,40.30431599906915],[-81.335389,40.288188999069234],[-81.338064,40.21407699906964]]],"type":"Polygon"},"properties":{"geo_point_2d":{"lon":-81.09115380934848,"lat":40.29381815488068},"year":"2023","ste_code":["39"],"ste_name":["Ohio"],"coty_code":["39067"],"coty_name":["Harrison"],"coty_area_code":"USA","coty_type":"county","coty_name_long":["Harrison County"],"coty_fp_code":"067","coty_gnis_code":"01074046"}},{"type":"Feature","geometry":{"coordinates":[[[-82.336496,41.06576099906543],[-82.436916,41.06537899906544],[-82.432852,40.99294399906576],[-82.4179,40.99293799906576],[-82.41648,40.90225199906617],[-82.416,40.90189799906618],[-82.41599,40.877454999066295],[-82.416431,40.82960699906652],[-82.419757,40.82298999906654],[-82.416847,40.81456699906659],[-82.407999,40.81456699906659],[-82.407759,40.808246999066625],[-82.388559,40.8081689990666],[-82.38969,40.79602599906668],[-82.384438,40.79229799906669],[-82.38256,40.78858599906671],[-82.378953,40.78722699906672],[-82.378635,40.781074999066746],[-82.378397,40.72714499906701],[-82.367522,40.72670699906701],[-82.339211,40.72668299906701],[-82.338364,40.62355599906752],[-82.336962,40.55500099906784],[-82.272623,40.562144999067826],[-82.220268,40.568186999067784],[-82.220468,40.615431999067546],[-82.221118,40.6673559990673],[-82.161549,40.667654999067295],[-82.126196,40.6683569990673],[-82.126234,40.726536999067],[-82.127327,40.80425199906663],[-82.125493,40.85030099906641],[-82.12501,40.88626299906626],[-82.1279,40.90090199906619],[-82.128544,40.92997699906605],[-82.127917,40.93716899906601],[-82.128835,40.964200999065895],[-82.129334,40.99180699906576],[-82.173359,40.99208199906577],[-82.171492,41.06353699906544],[-82.258275,41.064729999065435],[-82.28994,41.06553099906544],[-82.326841,41.06600699906542],[-82.336496,41.06576099906543]]],"type":"Polygon"},"properties":{"geo_point_2d":{"lon":-82.27069862972114,"lat":40.84599954295167},"year":"2023","ste_code":["39"],"ste_name":["Ohio"],"coty_code":["39005"],"coty_name":["Ashland"],"coty_area_code":"USA","coty_type":"county","coty_name_long":["Ashland County"],"coty_fp_code":"005","coty_gnis_code":"01074016"}},{"type":"Feature","geometry":{"coordinates":[[[-83.421054,41.16677999906499],[-83.421231,41.12298899906518],[-83.420867,41.07928299906537],[-83.420649,41.013698999065674],[-83.420319,40.991888999065765],[-83.382743,40.992253999065774],[-83.329077,40.992428999065766],[-83.324262,40.99264999906576],[-83.265498,40.99298699906576],[-83.259252,40.99276199906576],[-83.139022,40.99349099906576],[-83.112737,40.99344699906576],[-83.0163,40.99370299906575],[-82.853184,40.99366099906577],[-82.852966,40.996942999065745],[-82.829512,40.99662399906574],[-82.832707,41.080545999065365],[-82.836495,41.16756999906498],[-82.840087,41.255336999064596],[-82.955996,41.2560289990646],[-83.012326,41.255910999064604],[-83.033158,41.2564369990646],[-83.072761,41.256879999064594],[-83.131606,41.256395999064594],[-83.187755,41.254912999064615],[-83.216421,41.253251999064624],[-83.263838,41.25330699906461],[-83.283317,41.2535819990646],[-83.312964,41.2545709990646],[-83.419843,41.25400299906461],[-83.421054,41.16677999906499]]],"type":"Polygon"},"properties":{"geo_point_2d":{"lon":-83.12766512909089,"lat":41.123849657038896},"year":"2023","ste_code":["39"],"ste_name":["Ohio"],"coty_code":["39147"],"coty_name":["Seneca"],"coty_area_code":"USA","coty_type":"county","coty_name_long":["Seneca County"],"coty_fp_code":"147","coty_gnis_code":"01074086"}},{"type":"Feature","geometry":{"coordinates":[[[-84.259431,39.27085999907526],[-84.261408,39.26468599907529],[-84.264968,39.2639589990753],[-84.271328,39.25843699907534],[-84.282825,39.25193599907538],[-84.293265,39.2488649990754],[-84.296066,39.24520399907542],[-84.296415,39.239304999075465],[-84.299441,39.23515599907549],[-84.307114,39.23441299907548],[-84.308992,39.23153899907552],[-84.316698,39.22694399907555],[-84.320028,39.22343299907556],[-84.316076,39.22050999907558],[-84.313552,39.21305499907563],[-84.309356,39.20877399907566],[-84.299464,39.20906099907565],[-84.289621,39.21293399907563],[-84.284038,39.213131999075635],[-84.276377,39.2038729990757],[-84.278,39.19691599907574],[-84.287042,39.1887159990758],[-84.288932,39.181500999075844],[-84.292887,39.179985999075846],[-84.299448,39.17387499907589],[-84.295195,39.16696399907594],[-84.300117,39.16443299907596],[-84.301742,39.159433999075986],[-84.302724,39.14260599907609],[-84.31481,39.060998999076645],[-84.3199364709232,39.0220809546113],[-84.31368,39.01698099907694],[-84.304698,39.006454999077015],[-84.299362,38.99598499907708],[-84.296466,38.985305999077156],[-84.295076,38.96829499907728],[-84.288164,38.955788999077356],[-84.279916,38.94516799907743],[-84.27491,38.94151099907745],[-84.25701,38.92320799907758],[-84.245647,38.90703499907769],[-84.234453,38.89322599907779],[-84.232343,38.88432499907784],[-84.23191294577188,38.87482991487951],[-84.233727,38.85357599907806],[-84.233265,38.84267099907814],[-84.23042159208988,38.827403506918145],[-84.2253,38.81766499907831],[-84.222059,38.813752999078346],[-84.212904,38.80570699907839],[-84.205592,38.80258799907841],[-84.198358,38.80091999907843],[-84.155912,38.79490899907847],[-84.135088,38.789484999078525],[-84.115655,38.78272099907856],[-84.108836,38.77924699907857],[-84.094334,38.775245999078614],[-84.071491,38.770474999078644],[-84.0526699451033,38.77137551076325],[-84.052447,38.772228999078635],[-84.037221,38.88964399907781],[-84.035347,38.906696999077695],[-84.026211,38.9789229990772],[-84.010468,39.09140399907643],[-84.00714,39.117674999076264],[-84.005108,39.13026899907617],[-83.99776,39.19109199907577],[-83.989921,39.25409599907537],[-84.007454,39.25511199907536],[-84.078947,39.25947999907533],[-84.201802,39.26716699907528],[-84.259431,39.27085999907526]]],"type":"Polygon"},"properties":{"geo_point_2d":{"lon":-84.15167121286692,"lat":39.04755178430911},"year":"2023","ste_code":["39"],"ste_name":["Ohio"],"coty_code":["39025"],"coty_name":["Clermont"],"coty_area_code":"USA","coty_type":"county","coty_name_long":["Clermont County"],"coty_fp_code":"025","coty_gnis_code":"01074025"}},{"type":"Feature","geometry":{"coordinates":[[[-84.399486,40.990314999065774],[-84.398407,40.90326499906617],[-84.340969,40.903595999066155],[-84.340531,40.859098999066376],[-84.323183,40.85940499906637],[-84.252739,40.85975499906637],[-84.224863,40.86011199906637],[-84.22485,40.85930699906638],[-84.109586,40.860993999066366],[-84.109937,40.89429899906621],[-84.109516,40.90472999906616],[-84.020359,40.90489299906616],[-83.995165,40.905065999066174],[-83.995228,40.91984299906609],[-83.937745,40.92026099906609],[-83.880423,40.9204289990661],[-83.880592,40.97021499906587],[-83.880754,41.07632399906539],[-83.881149,41.167823999064986],[-83.919398,41.16750399906499],[-84.093166,41.166509999065],[-84.228222,41.165861999064994],[-84.331905,41.16544099906499],[-84.341602,41.165523999064995],[-84.341853,41.121758999065186],[-84.341937,41.06296599906545],[-84.342223,41.019820999065644],[-84.341911,40.99069199906577],[-84.399486,40.990314999065774]]],"type":"Polygon"},"properties":{"geo_point_2d":{"lon":-84.13174338948964,"lat":41.02210784270346},"year":"2023","ste_code":["39"],"ste_name":["Ohio"],"coty_code":["39137"],"coty_name":["Putnam"],"coty_area_code":"USA","coty_type":"county","coty_name_long":["Putnam County"],"coty_fp_code":"137","coty_gnis_code":"01074081"}},{"type":"Feature","geometry":{"coordinates":[[[-84.805972,41.69611799906285],[-84.806209,41.67458399906293],[-84.805664,41.61157899906318],[-84.80468828460779,41.53013401712947],[-84.804024,41.436851999063855],[-84.804063,41.42605099906389],[-84.749014,41.4261469990639],[-84.670052,41.4266769990639],[-84.612472,41.426804999063904],[-84.428666,41.42727199906391],[-84.40996,41.42747199906389],[-84.341664,41.4275679990639],[-84.341902,41.485518999063665],[-84.342051,41.51410699906356],[-84.380735,41.51394199906355],[-84.380895,41.57201599906331],[-84.381312,41.61672999906315],[-84.398375,41.61697999906315],[-84.399242,41.673158999062935],[-84.39954710435259,41.70586042999511],[-84.438067,41.70490299906283],[-84.5727913052094,41.70202698451893],[-84.749955,41.698244999062844],[-84.805972,41.69611799906285]]],"type":"Polygon"},"properties":{"geo_point_2d":{"lon":-84.58815459908716,"lat":41.56030735131618},"year":"2023","ste_code":["39"],"ste_name":["Ohio"],"coty_code":["39171"],"coty_name":["Williams"],"coty_area_code":"USA","coty_type":"county","coty_name_long":["Williams County"],"coty_fp_code":"171","coty_gnis_code":"01074097"}},{"type":"Feature","geometry":{"coordinates":[[[-81.086312,40.98803099906577],[-81.086679,40.90160899906618],[-81.031994,40.90146899906618],[-80.994158,40.901534999066186],[-80.896032,40.90099499906618],[-80.895813,40.930186999066045],[-80.821635,40.92977499906605],[-80.821923,40.90093499906619],[-80.783382,40.90076099906619],[-80.679361,40.899927999066186],[-80.632067,40.89978199906619],[-80.5197774232307,40.90032419819579],[-80.519091,40.92106099906608],[-80.518927,41.015386999065655],[-80.518928,41.07095399906541],[-80.519192,41.105357999065255],[-80.519012,41.12509294641508],[-80.5191646523219,41.13321839036993],[-80.616185,41.13333299906513],[-80.699053,41.133853999065124],[-80.857206,41.134397999065136],[-80.966247,41.13417299906512],[-81.00229,41.13418899906513],[-81.002417,41.04205099906553],[-81.001859,41.034380999065576],[-81.001695,40.987782999065786],[-81.086312,40.98803099906577]]],"type":"Polygon"},"properties":{"geo_point_2d":{"lon":-80.77627358660871,"lat":41.01462775826561},"year":"2023","ste_code":["39"],"ste_name":["Ohio"],"coty_code":["39099"],"coty_name":["Mahoning"],"coty_area_code":"USA","coty_type":"county","coty_name_long":["Mahoning County"],"coty_fp_code":"099","coty_gnis_code":"01074062"}},{"type":"Feature","geometry":{"coordinates":[[[-82.187105,40.16687999906989],[-82.190788,40.093988999070305],[-82.194713,40.0222829990707],[-82.19534,40.00596699907079],[-82.198728,39.950195999071106],[-82.217931,39.9511419990711],[-82.231695,39.9510749990711],[-82.233974,39.91325999907132],[-82.162372,39.90937399907135],[-82.167498,39.8486919990717],[-82.170047,39.82074999907186],[-82.132436,39.81879499907187],[-82.072934,39.81622699907188],[-82.076639,39.770959999072154],[-82.020412,39.767994999072165],[-82.020392,39.76905899907216],[-81.964679,39.765798999072196],[-81.92785,39.76510799907219],[-81.895076,39.7638539990722],[-81.749853,39.757618999072236],[-81.697442,39.755571999072245],[-81.694146,39.84263599907173],[-81.692516,39.89443699907143],[-81.692177,39.89637999907142],[-81.691104,39.930755999071216],[-81.728611,39.93172799907122],[-81.724229,40.00550599907079],[-81.721099,40.06263599907047],[-81.718859,40.10782499907021],[-81.716276,40.15216599906998],[-81.716277,40.15285399906997],[-81.809396,40.15518899906996],[-81.850982,40.15644299906997],[-82.025515,40.16089399906993],[-82.087197,40.16170499906992],[-82.092981,40.162578999069915],[-82.187105,40.16687999906989]]],"type":"Polygon"},"properties":{"geo_point_2d":{"lon":-81.94437297269411,"lat":39.965425533401344},"year":"2023","ste_code":["39"],"ste_name":["Ohio"],"coty_code":["39119"],"coty_name":["Muskingum"],"coty_area_code":"USA","coty_type":"county","coty_name_long":["Muskingum County"],"coty_fp_code":"119","coty_gnis_code":"01074072"}},{"type":"Feature","geometry":{"coordinates":[[[-81.844863,39.4502159990741],[-81.850847,39.35365399907473],[-81.853668,39.318164999074945],[-81.834635,39.317562999074966],[-81.835447,39.30280699907506],[-81.816614,39.30205799907506],[-81.818361,39.27258099907525],[-81.72181,39.26956799907527],[-81.7255834730739,39.21583522253172],[-81.711628,39.21922799907559],[-81.700908,39.220843999075576],[-81.694603,39.22410699907555],[-81.691339,39.22794699907554],[-81.692203,39.23609099907548],[-81.695724,39.242858999075445],[-81.696988,39.2487469990754],[-81.69638,39.25703499907536],[-81.689483,39.26604299907529],[-81.683627,39.270938999075256],[-81.678331,39.27375499907523],[-81.670187,39.27596299907522],[-81.656138,39.277354999075214],[-81.643178,39.277194999075206],[-81.621305,39.27364299907525],[-81.608408,39.27604299907522],[-81.59516,39.27338699907524],[-81.585559,39.26874699907526],[-81.570247,39.267674999075275],[-81.567347,39.27067499907525],[-81.565247,39.276174999075224],[-81.565047,39.29387399907512],[-81.560147,39.31787399907495],[-81.559647,39.330773999074864],[-81.557547,39.33877399907482],[-81.542346,39.35287399907473],[-81.53447,39.35823399907469],[-81.524309,39.36160999907468],[-81.513493,39.367049999074645],[-81.503189,39.37324199907459],[-81.489044,39.38407399907452],[-81.4829,39.389673999074496],[-81.473188,39.40016999907443],[-81.467744,39.403773999074396],[-81.456143,39.409273999074365],[-81.446543,39.41037399907436],[-81.435642,39.40847399907437],[-81.428642,39.4053739990744],[-81.412706,39.39461799907446],[-81.406689,39.3880899990745],[-81.400744,39.369220999074635],[-81.395883,39.355552999074725],[-81.391249,39.34881399907476],[-81.384556,39.343448999074795],[-81.379674,39.342080999074795],[-81.3712707002794,39.3420616360242],[-81.356911,39.34317799907479],[-81.347567,39.345769999074776],[-81.335599,39.352793999074734],[-81.319598,39.36128999907467],[-81.304798,39.370537999074614],[-81.297517,39.37437799907459],[-81.281405,39.37925799907455],[-81.275677,39.38378599907453],[-81.270716,39.38591399907452],[-81.259788,39.38669799907451],[-81.249088,39.38999199907449],[-81.24184,39.39027599907449],[-81.223581,39.38606199907453],[-81.217315,39.38758999907451],[-81.213064,39.39065599907448],[-81.21087,39.397111999074454],[-81.210833,39.40356299907441],[-81.205223,39.41078599907436],[-81.190714,39.42356199907427],[-81.185946,39.43073099907424],[-81.179934,39.435120999074215],[-81.170634,39.439174999074176],[-81.152534,39.44317499907415],[-81.138134,39.44377499907416],[-81.128533,39.44937499907412],[-81.121472141059,39.457756778275964],[-81.114433,39.46627499907401],[-81.100833,39.48717499907388],[-81.091433,39.496974999073814],[-81.07595,39.50965999907373],[-81.070594,39.5159909990737],[-81.060379,39.52274399907366],[-81.051982,39.529309999073625],[-81.044902,39.53629999907357],[-81.038706017301,39.540047531947444],[-81.036791,39.572117999073356],[-81.141591,39.57582999907333],[-81.246808,39.57903699907331],[-81.246797,39.576593999073324],[-81.265347,39.57680999907333],[-81.264261,39.60534399907315],[-81.283075,39.605795999073145],[-81.28353,39.59183799907323],[-81.356445,39.593511999073215],[-81.35629,39.60086499907318],[-81.394934,39.601546999073165],[-81.395036,39.615680999073085],[-81.41385,39.61587399907308],[-81.413665,39.630501999073],[-81.452712,39.63116499907299],[-81.451935,39.64544899907291],[-81.47316,39.645975999072895],[-81.473471,39.58331799907329],[-81.524669,39.584793999073284],[-81.588185,39.58697299907327],[-81.68893,39.59048599907323],[-81.694334,39.58730299907326],[-81.708569,39.58620699907326],[-81.714447,39.58423599907327],[-81.716859,39.57911399907331],[-81.716055,39.56958299907338],[-81.717276,39.56262099907342],[-81.723511,39.547607999073506],[-81.721189,39.53540799907358],[-81.722217,39.53154999907361],[-81.705075,39.53098999907361],[-81.708527,39.48077499907392],[-81.732672,39.481359999073916],[-81.760955,39.48277299907391],[-81.760959,39.48858299907387],[-81.783755,39.48947199907387],[-81.783455,39.49257199907384],[-81.823158,39.49407199907384],[-81.825757,39.44917199907411],[-81.844863,39.4502159990741]]],"type":"Polygon"},"properties":{"geo_point_2d":{"lon":-81.49530518634013,"lat":39.45530890048793},"year":"2023","ste_code":["39"],"ste_name":["Ohio"],"coty_code":["39167"],"coty_name":["Washington"],"coty_area_code":"USA","coty_type":"county","coty_name_long":["Washington County"],"coty_fp_code":"167","coty_gnis_code":"01074095"}},{"type":"Feature","geometry":{"coordinates":[[[-83.647169,39.773028999072146],[-83.648641,39.768477999072175],[-83.648882,39.76111499907221],[-83.65333,39.71687599907248],[-83.651342,39.716882999072475],[-83.542167,39.71034899907252],[-83.478029,39.706180999072544],[-83.467195,39.706116999072535],[-83.460601,39.70503999907255],[-83.366796,39.70070299907257],[-83.336687,39.69966399907258],[-83.285856,39.69734999907259],[-83.252435,39.6954379990726],[-83.248502,39.745334999072305],[-83.24657,39.776620999072115],[-83.245801,39.78286299907208],[-83.243702,39.81250299907191],[-83.247301,39.86077699907162],[-83.252031,39.917362999071294],[-83.230617,39.928551999071225],[-83.225643,39.93226199907121],[-83.231865,39.94486399907114],[-83.241699,39.9525519990711],[-83.240169,39.96011899907105],[-83.245435,39.96328799907103],[-83.246938,39.97113899907098],[-83.249441,39.973400999070975],[-83.250123,39.983153999070915],[-83.246112,39.9873229990709],[-83.251096,39.99133699907087],[-83.256091,39.99872399907083],[-83.260877,40.0028069990708],[-83.25409,40.005044999070805],[-83.25168,40.00837599907078],[-83.253268,40.014324999070745],[-83.251759,40.01963199907072],[-83.252751,40.02844699907066],[-83.256114,40.032780999070624],[-83.252476,40.040588999070586],[-83.255647,40.04552299907057],[-83.25383,40.04921799907055],[-83.220838,40.04788299907055],[-83.212196,40.04806899907055],[-83.206812,40.10575999907022],[-83.206273,40.10773299907022],[-83.239343,40.10825999907022],[-83.278271,40.10920699907021],[-83.392587,40.11040499907021],[-83.503714,40.11146799907019],[-83.511323,40.04739999907057],[-83.516069,40.01081799907076],[-83.512625,40.010022999070756],[-83.515377,40.001301999070826],[-83.537513,39.9345259990712],[-83.546178,39.90766099907135],[-83.553443,39.88090399907152],[-83.564073,39.84846299907171],[-83.581567,39.79203699907202],[-83.589909,39.768811999072156],[-83.647169,39.773028999072146]]],"type":"Polygon"},"properties":{"geo_point_2d":{"lon":-83.40044470020796,"lat":39.89415850301473},"year":"2023","ste_code":["39"],"ste_name":["Ohio"],"coty_code":["39097"],"coty_name":["Madison"],"coty_area_code":"USA","coty_type":"county","coty_name_long":["Madison County"],"coty_fp_code":"097","coty_gnis_code":"01074061"}},{"type":"Feature","geometry":{"coordinates":[[[-83.206273,40.10773299907022],[-83.206812,40.10575999907022],[-83.212196,40.04806899907055],[-83.220838,40.04788299907055],[-83.25383,40.04921799907055],[-83.255647,40.04552299907057],[-83.252476,40.040588999070586],[-83.256114,40.032780999070624],[-83.252751,40.02844699907066],[-83.251759,40.01963199907072],[-83.253268,40.014324999070745],[-83.25168,40.00837599907078],[-83.25409,40.005044999070805],[-83.260877,40.0028069990708],[-83.256091,39.99872399907083],[-83.251096,39.99133699907087],[-83.246112,39.9873229990709],[-83.250123,39.983153999070915],[-83.249441,39.973400999070975],[-83.246938,39.97113899907098],[-83.245435,39.96328799907103],[-83.240169,39.96011899907105],[-83.241699,39.9525519990711],[-83.231865,39.94486399907114],[-83.225643,39.93226199907121],[-83.230617,39.928551999071225],[-83.252031,39.917362999071294],[-83.247301,39.86077699907162],[-83.243702,39.81250299907191],[-83.193621,39.810265999071916],[-83.185128,39.80934099907193],[-83.167938,39.80873499907193],[-83.120355,39.807822999071924],[-83.074686,39.80613799907195],[-83.044458,39.80528199907195],[-83.037634,39.80556699907196],[-82.937725,39.80100699907197],[-82.894682,39.79865599907199],[-82.824254,39.794995999072],[-82.821496,39.824270999071835],[-82.802476,39.822952999071845],[-82.800941,39.84500799907171],[-82.797638,39.87552599907153],[-82.797498,39.8845429990715],[-82.794383,39.91078499907133],[-82.813096,39.911662999071325],[-82.810797,39.941161999071156],[-82.782495,39.939661999071156],[-82.779459,39.97629299907096],[-82.773825,39.97612499907096],[-82.767483,40.05102799907055],[-82.763754,40.097700999070284],[-82.761827,40.125854999070114],[-82.858221,40.1299979990701],[-82.90284,40.13214799907009],[-83.005204,40.136335999070056],[-83.119942,40.14018099907003],[-83.169872,40.143076999070026],[-83.170208,40.107072999070226],[-83.206273,40.10773299907022]]],"type":"Polygon"},"properties":{"geo_point_2d":{"lon":-83.00929417553921,"lat":39.96953847049133},"year":"2023","ste_code":["39"],"ste_name":["Ohio"],"coty_code":["39049"],"coty_name":["Franklin"],"coty_area_code":"USA","coty_type":"county","coty_name_long":["Franklin County"],"coty_fp_code":"049","coty_gnis_code":"01074037"}},{"type":"Feature","geometry":{"coordinates":[[[-82.575583,38.84447799907812],[-82.582683,38.779076999078576],[-82.483579,38.772277999078625],[-82.486579,38.742977999078846],[-82.466878,38.74147799907885],[-82.472478,38.68227899907927],[-82.354468,38.676069999079324],[-82.361674,38.58518199907998],[-82.28727,38.582782999079996],[-82.2871015269719,38.58258815486569],[-82.27427,38.59368299907991],[-82.26207,38.598182999079874],[-82.245969,38.59848299907988],[-82.222168,38.59138399907992],[-82.218967,38.59168299907992],[-82.205171,38.59171899907992],[-82.193824,38.59309599907993],[-82.188767,38.59498399907989],[-82.177267,38.60378399907983],[-82.172066,38.619283999079734],[-82.172066,38.62598399907967],[-82.176767,38.64278299907956],[-82.179067,38.64888299907952],[-82.185567,38.65958299907943],[-82.186067,38.66678299907938],[-82.190867,38.68038299907929],[-82.190167,38.68738199907923],[-82.185067,38.699181999079144],[-82.182467,38.70878199907908],[-82.186568,38.72248199907899],[-82.18976,38.729520999078936],[-82.193268,38.741181999078854],[-82.195606,38.75244099907878],[-82.198882,38.75772499907873],[-82.207141,38.76394299907869],[-82.216614,38.76834999907866],[-82.220449,38.77373899907862],[-82.221566,38.787186999078536],[-82.217269,38.795679999078466],[-82.20929,38.80267199907842],[-82.19928,38.80868799907837],[-82.191172,38.815136999078334],[-82.179478,38.817375999078315],[-82.16157,38.82463199907826],[-82.147667,38.83697999907817],[-82.144867,38.840479999078156],[-82.141616,38.85139399907808],[-82.139224,38.86501999907797],[-82.142167,38.87707999907789],[-82.145267,38.88347899907785],[-82.143167,38.898078999077754],[-82.128866,38.90997899907767],[-82.120966,38.9210789990776],[-82.111666,38.93257899907751],[-82.110866,38.94037899907747],[-82.109065,38.94557899907743],[-82.09887337063559,38.958319315102436],[-82.095465,39.00277799907704],[-82.238146,39.009375999077],[-82.310412,39.01273499907697],[-82.323894,39.013153999076955],[-82.322874,39.02767399907687],[-82.354963,39.029896999076854],[-82.435309,39.035078999076816],[-82.439378,38.984776999077155],[-82.443685,38.94709099907741],[-82.449267,38.89608099907777],[-82.455197,38.844578999078124],[-82.473885,38.84657799907811],[-82.574383,38.85347499907807],[-82.575583,38.84447799907812]]],"type":"Polygon"},"properties":{"geo_point_2d":{"lon":-82.31690700614732,"lat":38.82473499099153},"year":"2023","ste_code":["39"],"ste_name":["Ohio"],"coty_code":["39053"],"coty_name":["Gallia"],"coty_area_code":"USA","coty_type":"county","coty_name_long":["Gallia County"],"coty_fp_code":"053","coty_gnis_code":"01074039"}},{"type":"Feature","geometry":{"coordinates":[[[-82.322874,39.02767399907687],[-82.323894,39.013153999076955],[-82.310412,39.01273499907697],[-82.238146,39.009375999077],[-82.095465,39.00277799907704],[-82.09887337063559,38.958319315102436],[-82.094865,38.96457799907729],[-82.093165,38.97097999907726],[-82.089065,38.975977999077216],[-82.079364,38.98107799907717],[-82.068864,38.98487799907716],[-82.051563,38.994377999077095],[-82.045663,39.00377799907702],[-82.042062,39.01677799907695],[-82.037749,39.0238649990769],[-82.031678,39.02700299907688],[-82.022562,39.02937799907685],[-82.010707,39.02981799907686],[-82.002261,39.02787799907687],[-81.994961,39.022477999076905],[-81.987061,39.01197799907697],[-81.983761,39.00547799907701],[-81.982032,38.99569699907709],[-81.977455,38.99267899907711],[-81.967769,38.99295499907711],[-81.95926,38.99522699907709],[-81.951447,38.99603199907708],[-81.941829,38.99329499907711],[-81.933186,38.98765899907714],[-81.926561,38.97750799907722],[-81.918214,38.96659499907728],[-81.912443,38.95434299907736],[-81.9066,38.94526199907743],[-81.900595,38.93767099907749],[-81.89847,38.92960299907754],[-81.899953,38.92540499907757],[-81.908341,38.917402999077616],[-81.911936,38.915563999077634],[-81.926671,38.90131099907773],[-81.928352,38.89537099907777],[-81.926967,38.8916019990778],[-81.915898,38.884269999077844],[-81.908645,38.87845999907788],[-81.898541,38.87458199907791],[-81.889233,38.874278999077916],[-81.874857,38.881173999077866],[-81.858921,38.8901899990778],[-81.848653,38.90140699907773],[-81.845312,38.91008799907767],[-81.84607,38.91319199907765],[-81.844486,38.92874599907755],[-81.838067,38.937134999077486],[-81.831516,38.94369699907744],[-81.825026,38.94660299907742],[-81.814235,38.946167999077424],[-81.806137,38.94211199907746],[-81.796376,38.93249799907752],[-81.785647,38.92619299907756],[-81.774106,38.92296499907758],[-81.766227,38.92294599907759],[-81.759995,38.92582799907757],[-81.756131,38.93354499907751],[-81.756975,38.937151999077486],[-81.761016,38.93800299907749],[-81.767083,38.94632899907743],[-81.778845,38.95589199907736],[-81.78182,38.964934999077286],[-81.779883,38.972772999077236],[-81.775734,38.98073699907718],[-81.776723,38.98514199907716],[-81.775551,38.99010699907713],[-81.771975,38.99684499907708],[-81.765153,39.00257899907704],[-81.764253,39.01527899907695],[-81.772854,39.026178999076876],[-81.786554,39.036578999076816],[-81.800355,39.04497799907676],[-81.803355,39.047677999076726],[-81.811655,39.05957799907665],[-81.813355,39.065877999076605],[-81.813855,39.079277999076524],[-81.807855,39.083977999076495],[-81.798155,39.082877999076494],[-81.790754,39.07977799907651],[-81.781454,39.07807799907653],[-81.775554,39.07837799907653],[-81.764854,39.0819779990765],[-81.752353,39.08987799907645],[-81.7472527006579,39.095378448089605],[-81.742953,39.106577999076336],[-81.742153,39.116776999076265],[-81.744568,39.1268159990762],[-81.744621,39.148412999076065],[-81.754254,39.17147599907591],[-81.7558150545194,39.18052419563256],[-81.840465,39.18390399907582],[-81.960882,39.18874399907578],[-82.004171,39.190606999075776],[-82.049259,39.19228199907576],[-82.192247,39.19971899907573],[-82.268583,39.20375999907569],[-82.306669,39.20549399907568],[-82.310081,39.16806799907592],[-82.313165,39.130771999076174],[-82.314703,39.11658199907628],[-82.322874,39.02767399907687]]],"type":"Polygon"},"properties":{"geo_point_2d":{"lon":-82.02286044673424,"lat":39.08226463545959},"year":"2023","ste_code":["39"],"ste_name":["Ohio"],"coty_code":["39105"],"coty_name":["Meigs"],"coty_area_code":"USA","coty_type":"county","coty_name_long":["Meigs County"],"coty_fp_code":"105","coty_gnis_code":"01074065"}},{"type":"Feature","geometry":{"coordinates":[[[-83.65333,39.71687599907248],[-83.658034,39.67034799907276],[-83.661666,39.63828499907295],[-83.665343,39.598771999073186],[-83.670196,39.5502539990735],[-83.624268,39.5477169990735],[-83.576286,39.544546999073525],[-83.580032,39.504398999073764],[-83.580782,39.4988689990738],[-83.58777,39.41466499907433],[-83.590878,39.37873599907458],[-83.544856,39.37830299907458],[-83.472065,39.37779699907457],[-83.381593,39.37758699907457],[-83.372714,39.37741599907457],[-83.353132,39.40267499907442],[-83.328862,39.43510299907421],[-83.301724,39.47074699907398],[-83.266737,39.516248999073696],[-83.263582,39.55270099907347],[-83.257802,39.62447399907304],[-83.255586,39.65871899907282],[-83.252435,39.6954379990726],[-83.285856,39.69734999907259],[-83.336687,39.69966399907258],[-83.366796,39.70070299907257],[-83.460601,39.70503999907255],[-83.467195,39.706116999072535],[-83.478029,39.706180999072544],[-83.542167,39.71034899907252],[-83.651342,39.716882999072475],[-83.65333,39.71687599907248]]],"type":"Polygon"},"properties":{"geo_point_2d":{"lon":-83.45611698324913,"lat":39.559883933506775},"year":"2023","ste_code":["39"],"ste_name":["Ohio"],"coty_code":["39047"],"coty_name":["Fayette"],"coty_area_code":"USA","coty_type":"county","coty_name_long":["Fayette County"],"coty_fp_code":"047","coty_gnis_code":"01074036"}},{"type":"Feature","geometry":{"coordinates":[[[-81.086679,40.90160899906618],[-81.086868,40.81490599906659],[-81.086757,40.81393599906659],[-81.087289,40.727815999067],[-80.994297,40.72702899906701],[-80.917172,40.726933999067],[-80.917491,40.67270599906726],[-80.918125,40.64346399906742],[-80.860822,40.64256999906741],[-80.861994,40.599403999067626],[-80.830547,40.59852799906763],[-80.747112,40.59699099906764],[-80.74732,40.583326999067715],[-80.667957,40.58249599906771],[-80.662564,40.591599999067675],[-80.651716,40.59774399906763],[-80.644963,40.603647999067604],[-80.639379,40.61127999906758],[-80.634355,40.616094999067556],[-80.627171,40.619935999067536],[-80.616002,40.62169599906752],[-80.603876,40.62506399906751],[-80.598764,40.6252629990675],[-80.592049,40.62249599906752],[-80.583633,40.61551999906756],[-80.576736,40.61422399906756],[-80.56784,40.61755199906755],[-80.56072,40.623679999067505],[-80.551126,40.62884699906749],[-80.545892,40.629701999067485],[-80.532737,40.635589999067456],[-80.52566,40.63606799906745],[-80.518991,40.63880099906745],[-80.5190324404058,40.73374096875688],[-80.51901917017959,40.851339397169205],[-80.519002,40.87754299906629],[-80.5197774232307,40.90032419819579],[-80.632067,40.89978199906619],[-80.679361,40.899927999066186],[-80.783382,40.90076099906619],[-80.821923,40.90093499906619],[-80.821635,40.92977499906605],[-80.895813,40.930186999066045],[-80.896032,40.90099499906618],[-80.994158,40.901534999066186],[-81.031994,40.90146899906618],[-81.086679,40.90160899906618]]],"type":"Polygon"},"properties":{"geo_point_2d":{"lon":-80.7772125070893,"lat":40.76841811248814},"year":"2023","ste_code":["39"],"ste_name":["Ohio"],"coty_code":["39029"],"coty_name":["Columbiana"],"coty_area_code":"USA","coty_type":"county","coty_name_long":["Columbiana County"],"coty_fp_code":"029","coty_gnis_code":"01074027"}},{"type":"Feature","geometry":{"coordinates":[[[-82.171492,41.06353699906544],[-82.173359,40.99208199906577],[-82.129334,40.99180699906576],[-82.030748,40.99041299906577],[-81.885184,40.98913399906578],[-81.828875,40.98827199906579],[-81.759447,40.98820899906577],[-81.688491,40.98858999906578],[-81.687801,41.02566299906562],[-81.687292,41.11054799906524],[-81.68699,41.13595599906512],[-81.685646,41.20213199906483],[-81.68495,41.277145999064516],[-81.704653,41.27722499906451],[-81.785097,41.27644999906452],[-81.878053,41.27504399906452],[-81.897853,41.274915999064525],[-81.920441,41.27537999906452],[-81.927005,41.27481799906453],[-81.972485,41.274828999064525],[-81.973308,41.23773099906469],[-81.974235,41.208923999064815],[-81.973895,41.199830999064844],[-82.072465,41.19984999906484],[-82.074266,41.13645599906512],[-82.169875,41.13709699906512],[-82.171492,41.06353699906544]]],"type":"Polygon"},"properties":{"geo_point_2d":{"lon":-81.8996934879942,"lat":41.117578334206705},"year":"2023","ste_code":["39"],"ste_name":["Ohio"],"coty_code":["39103"],"coty_name":["Medina"],"coty_area_code":"USA","coty_type":"county","coty_name_long":["Medina County"],"coty_fp_code":"103","coty_gnis_code":"01074064"}},{"type":"Feature","geometry":{"coordinates":[[[-83.7053141053281,38.63976143643748],[-83.686037,38.63186699907965],[-83.671443,38.62738099907967],[-83.664143,38.62675399907966],[-83.657142,38.62790999907966],[-83.648301,38.63186099907963],[-83.6451247920466,38.6364649587635],[-83.640478,38.64827699907951],[-83.63696,38.66602299907939],[-83.634212,38.67137099907935],[-83.626922,38.67938699907929],[-83.614136,38.68396999907926],[-83.609095,38.68501299907925],[-83.601572,38.683937999079255],[-83.591912,38.68878299907923],[-83.569098,38.6928419990792],[-83.549298,38.69878699907916],[-83.533339,38.70210499907914],[-83.520953,38.703044999079125],[-83.512571,38.70171599907914],[-83.504365,38.699255999079156],[-83.493342,38.694186999079186],[-83.486477,38.69009899907922],[-83.468059,38.67546999907932],[-83.457055,38.67396499907933],[-83.446989,38.67014299907936],[-83.440404,38.66936099907937],[-83.420194,38.66842799907937],[-83.412039,38.66649899907939],[-83.384755,38.66317099907941],[-83.366661,38.658536999079445],[-83.356445,38.65400899907947],[-83.340004,38.645673999079534],[-83.327636,38.6374889990796],[-83.322383,38.63061499907964],[-83.320099,38.616042999079745],[-83.317542,38.60924199907979],[-83.311448,38.60331399907984],[-83.301951,38.598177999079866],[-83.294193,38.59658799907988],[-83.286514,38.59924099907986],[-83.26851,38.615103999079764],[-83.2670668881558,38.61817759564683],[-83.268245,38.618528999079736],[-83.268186,38.70988899907907],[-83.268077,38.75588799907875],[-83.268578,38.882520999077855],[-83.269205,38.93004699907754],[-83.270817,39.01579099907695],[-83.275042,39.02033899907693],[-83.285466,39.02398799907689],[-83.288087,39.02774799907687],[-83.297211,39.03566799907682],[-83.303075,39.039052999076794],[-83.30811,39.04025999907679],[-83.312963,39.04673599907674],[-83.314589,39.0521949990767],[-83.325965,39.0528219990767],[-83.385637,39.05519699907668],[-83.483577,39.040498999076775],[-83.51548,39.03552299907681],[-83.586279,39.0236129990769],[-83.611592,39.01888999907693],[-83.673018,39.02042999907691],[-83.675159,38.99921699907706],[-83.67963,38.94742199907741],[-83.686288,38.867527999077964],[-83.693043,38.79576199907847],[-83.699098,38.73000399907893],[-83.702973,38.68427099907926],[-83.7053141053281,38.63976143643748]]],"type":"Polygon"},"properties":{"geo_point_2d":{"lon":-83.47214684371203,"lat":38.845494842399816},"year":"2023","ste_code":["39"],"ste_name":["Ohio"],"coty_code":["39001"],"coty_name":["Adams"],"coty_area_code":"USA","coty_type":"county","coty_name_long":["Adams County"],"coty_fp_code":"001","coty_gnis_code":"01074014"}},{"type":"Feature","geometry":{"coordinates":[[[-84.39954710435259,41.70586042999511],[-84.399242,41.673158999062935],[-84.398375,41.61697999906315],[-84.381312,41.61672999906315],[-84.380895,41.57201599906331],[-84.380735,41.51394199906355],[-84.342051,41.51410699906356],[-84.341902,41.485518999063665],[-84.32547,41.48579499906367],[-84.281943,41.48574599906366],[-84.228919,41.48594199906366],[-84.18718,41.48576199906367],[-84.114863,41.48630399906365],[-84.076497,41.48607199906366],[-83.941311,41.48721299906365],[-83.882943,41.48754299906366],[-83.882463,41.58904799906325],[-83.882443,41.61751699906314],[-83.877368,41.61754699906315],[-83.878417,41.657769999062985],[-83.8803872579474,41.720089446841556],[-83.899764,41.71996099906275],[-83.998849,41.716821999062766],[-84.019373,41.71666799906278],[-84.134417,41.712930999062785],[-84.2496974140851,41.709714165251604],[-84.3604162952785,41.7066246183986],[-84.39954710435259,41.70586042999511]]],"type":"Polygon"},"properties":{"geo_point_2d":{"lon":-84.13008050943148,"lat":41.60182247266602},"year":"2023","ste_code":["39"],"ste_name":["Ohio"],"coty_code":["39051"],"coty_name":["Fulton"],"coty_area_code":"USA","coty_type":"county","coty_name_long":["Fulton County"],"coty_fp_code":"051","coty_gnis_code":"01074038"}},{"type":"Feature","geometry":{"coordinates":[[[-84.022919,40.183944999069794],[-84.027238,40.140232999070044],[-84.036069,40.0401819990706],[-83.999935,40.038266999070615],[-83.996418,40.038422999070605],[-83.921011,40.03396599907063],[-83.909691,40.032733999070636],[-83.864255,40.03043699907065],[-83.798511,40.02682099907067],[-83.759814,40.02428099907069],[-83.682615,40.019471999070724],[-83.664597,40.018698999070715],[-83.632361,40.016256999070734],[-83.6041,40.01477999907075],[-83.516069,40.01081799907076],[-83.511323,40.04739999907057],[-83.503714,40.11146799907019],[-83.502686,40.12608399907012],[-83.494498,40.22546699906959],[-83.505315,40.226005999069564],[-83.551338,40.229369999069554],[-83.668846,40.23766599906951],[-83.746106,40.24298499906948],[-83.785354,40.245212999069466],[-83.783912,40.25976499906939],[-83.793616,40.2605189990694],[-83.898367,40.26654499906936],[-84.014763,40.27345899906933],[-84.022919,40.183944999069794]]],"type":"Polygon"},"properties":{"geo_point_2d":{"lon":-83.76956325065126,"lat":40.13770235639023},"year":"2023","ste_code":["39"],"ste_name":["Ohio"],"coty_code":["39021"],"coty_name":["Champaign"],"coty_area_code":"USA","coty_type":"county","coty_name_long":["Champaign County"],"coty_fp_code":"021","coty_gnis_code":"01074023"}},{"type":"Feature","geometry":{"coordinates":[[[-81.709132,40.444774999068414],[-81.712383,40.3707629990688],[-81.70015,40.37058399906879],[-81.616307,40.368124999068804],[-81.61802,40.33048799906901],[-81.619222,40.295030999069205],[-81.62078,40.26237799906937],[-81.622351,40.22130599906961],[-81.487045,40.217921999069624],[-81.338064,40.21407699906964],[-81.335389,40.288188999069234],[-81.334601,40.30431599906915],[-81.275319,40.30343399906915],[-81.273695,40.34546499906893],[-81.271224,40.398907999068655],[-81.269951,40.43348599906847],[-81.26747,40.50611199906811],[-81.264744,40.5650419990678],[-81.321659,40.56664799906779],[-81.319138,40.615478999067555],[-81.317739,40.65157899906737],[-81.317876,40.651933999067374],[-81.357261,40.65256499906737],[-81.446925,40.653639999067366],[-81.440986,40.657382999067345],[-81.435996,40.65811599906735],[-81.438317,40.662993999067325],[-81.455521,40.666581999067304],[-81.460876,40.666362999067296],[-81.467461,40.65591399906735],[-81.469104,40.65494099906736],[-81.537606,40.647101999067395],[-81.566188,40.64397999906741],[-81.64911,40.634524999067445],[-81.66795,40.63237899906747],[-81.668187,40.6274649990675],[-81.662777,40.62726899906749],[-81.664489,40.59152799906767],[-81.66549,40.56092099906784],[-81.665112,40.55419299906785],[-81.66752,40.50179599906812],[-81.669765,40.44389199906842],[-81.709132,40.444774999068414]]],"type":"Polygon"},"properties":{"geo_point_2d":{"lon":-81.47374572947959,"lat":40.44091580301431},"year":"2023","ste_code":["39"],"ste_name":["Ohio"],"coty_code":["39157"],"coty_name":["Tuscarawas"],"coty_area_code":"USA","coty_type":"county","coty_name_long":["Tuscarawas County"],"coty_fp_code":"157","coty_gnis_code":"01074090"}},{"type":"Feature","geometry":{"coordinates":[[[-82.129334,40.99180699906576],[-82.128835,40.964200999065895],[-82.127917,40.93716899906601],[-82.128544,40.92997699906605],[-82.1279,40.90090199906619],[-82.12501,40.88626299906626],[-82.125493,40.85030099906641],[-82.127327,40.80425199906663],[-82.126234,40.726536999067],[-82.126196,40.6683569990673],[-82.106974,40.667824999067285],[-82.052873,40.66840999906729],[-81.992653,40.667956999067286],[-81.931782,40.6672309990673],[-81.861197,40.667266999067294],[-81.817676,40.667938999067296],[-81.765051,40.66777999906729],[-81.726247,40.6680659990673],[-81.650026,40.66777399906729],[-81.64983,40.6681129990673],[-81.649279,40.73420199906696],[-81.648338,40.748819999066896],[-81.647859,40.8539809990664],[-81.647735,40.91401599906611],[-81.647689,40.98856299906576],[-81.688491,40.98858999906578],[-81.759447,40.98820899906577],[-81.828875,40.98827199906579],[-81.885184,40.98913399906578],[-82.030748,40.99041299906577],[-82.129334,40.99180699906576]]],"type":"Polygon"},"properties":{"geo_point_2d":{"lon":-81.888010610194,"lat":40.82885884821253},"year":"2023","ste_code":["39"],"ste_name":["Ohio"],"coty_code":["39169"],"coty_name":["Wayne"],"coty_area_code":"USA","coty_type":"county","coty_name_long":["Wayne County"],"coty_fp_code":"169","coty_gnis_code":"01074096"}},{"type":"Feature","geometry":{"coordinates":[[[-82.824254,39.794995999072],[-82.835281,39.67616899907272],[-82.837616,39.64960599907288],[-82.834378,39.64944499907287],[-82.842953,39.56147999907343],[-82.824266,39.56044399907343],[-82.731518,39.55444499907346],[-82.730272,39.56906599907337],[-82.649851,39.56520899907339],[-82.620088,39.56398699907339],[-82.617546,39.60860499907312],[-82.548908,39.60561399907315],[-82.496123,39.60284899907316],[-82.490329,39.661703999072806],[-82.448869,39.65907799907283],[-82.374531,39.65495899907284],[-82.366051,39.74251999907232],[-82.404246,39.744604999072315],[-82.403303,39.75222799907227],[-82.397241,39.81849899907187],[-82.396594,39.83305699907177],[-82.424814,39.83447699907178],[-82.472402,39.837222999071756],[-82.471683,39.8485809990717],[-82.470094,39.859912999071625],[-82.462813,39.93037999907123],[-82.473423,39.925064999071246],[-82.505638,39.92670499907124],[-82.581813,39.93015599907122],[-82.610427,39.93115499907121],[-82.681183,39.93445999907121],[-82.77287,39.93932599907117],[-82.782495,39.939661999071156],[-82.810797,39.941161999071156],[-82.813096,39.911662999071325],[-82.794383,39.91078499907133],[-82.797498,39.8845429990715],[-82.797638,39.87552599907153],[-82.800941,39.84500799907171],[-82.802476,39.822952999071845],[-82.821496,39.824270999071835],[-82.824254,39.794995999072]]],"type":"Polygon"},"properties":{"geo_point_2d":{"lon":-82.6305788761669,"lat":39.75163163038604},"year":"2023","ste_code":["39"],"ste_name":["Ohio"],"coty_code":["39045"],"coty_name":["Fairfield"],"coty_area_code":"USA","coty_type":"county","coty_name_long":["Fairfield County"],"coty_fp_code":"045","coty_gnis_code":"01074035"}},{"type":"Feature","geometry":{"coordinates":[[[-82.740729,39.468349999074],[-82.743389,39.4357969990742],[-82.748591,39.368164999074615],[-82.673572,39.36316099907466],[-82.635686,39.36156599907468],[-82.634386,39.37596599907459],[-82.609016,39.37429099907459],[-82.51758,39.369467999074615],[-82.51623,39.37506799907458],[-82.514479,39.39576699907445],[-82.405307,39.39038699907449],[-82.351274,39.38736899907451],[-82.289663,39.38419499907453],[-82.28041,39.472905999073966],[-82.170171,39.46634999907401],[-82.167379,39.466306999074014],[-82.159161,39.55657399907344],[-82.168265,39.556806999073444],[-82.263566,39.56213699907342],[-82.261954,39.59059199907323],[-82.299626,39.592121999073235],[-82.349715,39.59514799907321],[-82.37989,39.596737999073206],[-82.376185,39.633417999072975],[-82.374531,39.65495899907284],[-82.448869,39.65907799907283],[-82.490329,39.661703999072806],[-82.496123,39.60284899907316],[-82.548908,39.60561399907315],[-82.617546,39.60860499907312],[-82.620088,39.56398699907339],[-82.649851,39.56520899907339],[-82.730272,39.56906599907337],[-82.731518,39.55444499907346],[-82.740729,39.468349999074]]],"type":"Polygon"},"properties":{"geo_point_2d":{"lon":-82.47922028937417,"lat":39.49705653566618},"year":"2023","ste_code":["39"],"ste_name":["Ohio"],"coty_code":["39073"],"coty_name":["Hocking"],"coty_area_code":"USA","coty_type":"county","coty_name_long":["Hocking County"],"coty_fp_code":"073","coty_gnis_code":"01074049"}},{"type":"Feature","geometry":{"coordinates":[[[-81.716276,40.15216599906998],[-81.718859,40.10782499907021],[-81.721099,40.06263599907047],[-81.724229,40.00550599907079],[-81.728611,39.93172799907122],[-81.691104,39.930755999071216],[-81.692177,39.89637999907142],[-81.692516,39.89443699907143],[-81.694146,39.84263599907173],[-81.680815,39.84192399907173],[-81.599162,39.839737999071744],[-81.580313,39.83910399907175],[-81.57859,39.897682999071414],[-81.464108,39.89454999907143],[-81.46275,39.923499999071254],[-81.386809,39.92151799907128],[-81.386006,39.9506939990711],[-81.347838,39.949961999071114],[-81.347761,39.9536329990711],[-81.303474,39.9528329990711],[-81.234053,39.95126999907111],[-81.23191,40.010452999070765],[-81.230659,40.0394739990706],[-81.227044,40.143239999070026],[-81.225924,40.17007499906987],[-81.339565,40.171998999069864],[-81.338064,40.21407699906964],[-81.487045,40.217921999069624],[-81.622351,40.22130599906961],[-81.66759,40.222467999069586],[-81.66769,40.20802299906967],[-81.670899,40.150975999069985],[-81.716276,40.15216599906998]]],"type":"Polygon"},"properties":{"geo_point_2d":{"lon":-81.49424749160235,"lat":40.05201488253256},"year":"2023","ste_code":["39"],"ste_name":["Ohio"],"coty_code":["39059"],"coty_name":["Guernsey"],"coty_area_code":"USA","coty_type":"county","coty_name_long":["Guernsey County"],"coty_fp_code":"059","coty_gnis_code":"01074042"}},{"type":"Feature","geometry":{"coordinates":[[[-82.462813,39.93037999907123],[-82.470094,39.859912999071625],[-82.471683,39.8485809990717],[-82.472402,39.837222999071756],[-82.424814,39.83447699907178],[-82.396594,39.83305699907177],[-82.397241,39.81849899907187],[-82.403303,39.75222799907227],[-82.404246,39.744604999072315],[-82.366051,39.74251999907232],[-82.374531,39.65495899907284],[-82.376185,39.633417999072975],[-82.37989,39.596737999073206],[-82.349715,39.59514799907321],[-82.299626,39.592121999073235],[-82.261954,39.59059199907323],[-82.263566,39.56213699907342],[-82.168265,39.556806999073444],[-82.159161,39.55657399907344],[-82.128941,39.55476899907345],[-82.120004,39.55457099907346],[-82.047528,39.55082499907349],[-82.039605,39.5502169990735],[-82.037584,39.57935999907331],[-82.035874,39.59284599907323],[-82.032075,39.636659999072954],[-82.024219,39.72468599907244],[-82.080224,39.72767299907241],[-82.076639,39.770959999072154],[-82.072934,39.81622699907188],[-82.132436,39.81879499907187],[-82.170047,39.82074999907186],[-82.167498,39.8486919990717],[-82.162372,39.90937399907135],[-82.233974,39.91325999907132],[-82.336898,39.91800399907129],[-82.418666,39.92244699907126],[-82.418179,39.92793599907124],[-82.462813,39.93037999907123]]],"type":"Polygon"},"properties":{"geo_point_2d":{"lon":-82.23615526865333,"lat":39.73715586153638},"year":"2023","ste_code":["39"],"ste_name":["Ohio"],"coty_code":["39127"],"coty_name":["Perry"],"coty_area_code":"USA","coty_type":"county","coty_name_long":["Perry County"],"coty_fp_code":"127","coty_gnis_code":"01074076"}},{"type":"Feature","geometry":{"coordinates":[[[-84.804063,41.42605099906389],[-84.804004,41.365742999064146],[-84.8035868929108,41.270933041271846],[-84.8035312568312,41.25256196050743],[-84.689309,41.25244299906461],[-84.611228,41.25280999906462],[-84.558917,41.25263199906461],[-84.457217,41.253484999064604],[-84.457059,41.20943399906481],[-84.436886,41.20917499906481],[-84.360973,41.20926099906481],[-84.341607,41.20905999906481],[-84.341602,41.165523999064995],[-84.331905,41.16544099906499],[-84.228222,41.165861999064994],[-84.227472,41.253175999064624],[-84.227359,41.34049399906425],[-84.228454,41.42780999906389],[-84.341664,41.4275679990639],[-84.40996,41.42747199906389],[-84.428666,41.42727199906391],[-84.612472,41.426804999063904],[-84.670052,41.4266769990639],[-84.749014,41.4261469990639],[-84.804063,41.42605099906389]]],"type":"Polygon"},"properties":{"geo_point_2d":{"lon":-84.49049041709226,"lat":41.32390659467342},"year":"2023","ste_code":["39"],"ste_name":["Ohio"],"coty_code":["39039"],"coty_name":["Defiance"],"coty_area_code":"USA","coty_type":"county","coty_name_long":["Defiance County"],"coty_fp_code":"039","coty_gnis_code":"01074032"}}]}